,Polling,Con,Lab,LD,Green,BXP/Reform,date_published,
4,YouGov,49,30,8,5,2,05/01/2020,
5,Ipsos,47,30,11,5,1,06/01/2020,
0,BMG,44,29,11,5,4,13/01/2020,
1,Opinium,47,30,9,4,3,18/01/2020,
2,YouGov,49,29,10,4,2,28/01/2020,
3,Survation,44,33,10,3,3,31/01/2020,
6,BMG,41,29,11,8,3,08/02/2020,
7,YouGov,48,28,10,6,2,14/02/2020,
8,Opinium,47,32,7,4,2,15/02/2020,
9,Savanta ComRes,47,31,9,4,3,23/02/2020,
10,BMG,45,28,11,,,08/03/2020,
11,Kantar,50,29,11,2,1,11/03/2020,
12,Opinium,49,32,6,5,0,15/03/2020,
13,Ipsos,52,30,9,4,0,19/03/2020,
14,NCP,54,28,7,4,2,28/03/2020,
15,Opinium,54,28,6,3,0,29/03/2020,
26,Survation,48,31,8,5,1,01/04/2020,
16,YouGov,52,28,8,5,1,03/04/2020,
27,Opinium,51,33,6,3,0,03/04/2020,
17,Opinium,53,30,7,3,0,05/04/2020,
18,BMG,46,29,10,6,2,11/04/2020,
19,Opinium,55,29,5,4,0,12/04/2020,
20,Opinium,51,32,6,3,0,19/04/2020,
23,R+W,52,31,8,3,,19/04/2020,
21,YouGov,53,32,5,3,1,20/04/2020,
22,Kantar,54,28,9,4,1,22/04/2020,
24,Opinium,50,33,7,3,0,26/04/2020,
25,R+W,50,33,7,4,,28/04/2020,
42,YouGov,45,35,6,5,2,01/05/2020,
30,R+W,50,31,7,5,,06/05/2020,
28,YouGov,50,30,7,5,3,07/05/2020,
29,Opinium,49,33,6,5,0,10/05/2020,
31,Kantar,51,32,7,2,2,14/05/2020,
32,Opinium,49,34,6,3,0,17/05/2020,
33,R+W,47,35,9,3,,18/05/2020,
34,Savanta ComRes,46,33,7,4,2,21/05/2020,
35,Opinium,47,35,6,3,0,24/05/2020,
36,Survation,46,33,8,4,0,26/05/2020,
37,YouGov,44,38,6,4,2,27/05/2020,
39,R+W,43,37,9,3,,27/05/2020,
38,YouGov,43,38,6,4,3,29/05/2020,
40,Deltapoll,43,38,8,4,2,31/05/2020,
41,Opinium,43,39,6,3,0,31/05/2020,
43,R+W,43,36,9,5,,04/06/2020,
44,Survation,41,39,7,4,1,07/06/2020,
45,Deltapoll,41,38,8,4,3,07/06/2020,
46,Opinium,43,40,6,3,0,07/06/2020,
48,Survation,42,36,8,4,1,11/06/2020,
47,Ipsos,43,38,10,3,0,12/06/2020,
49,R+W,41,39,9,4,,13/06/2020,
50,YouGov,45,37,6,4,2,13/06/2020,
51,Opinium,44,39,6,2,,14/06/2020,
52,Kantar,43,35,8,4,2,17/06/2020,
53,Savanta ComRes,40,36,9,3,3,18/06/2020,
54,R+W,43,38,8,4,,19/06/2020,
55,Opinium,44,40,5,3,,20/06/2020,
56,Survation,43,36,8,4,0,26/06/2020,
57,R+W,44,38,7,4,,26/06/2020,
58,Opinium,43,39,6,4,,27/06/2020,
74,Opinium,41,38,6,4,0,01/07/2020,
59,R+W,42,38,8,5,,02/07/2020,
77,Survation,44,35,8,5,0,04/07/2020,
60,Opinium,41,37,8,4,0,05/07/2020,
75,YouGov,43,35,6,5,3,05/07/2020,
76,Ipsos,45,37,6,5,1,06/07/2020,
61,Survation,44,37,7,4,0,07/07/2020,
62,R+W,44,39,7,4,,09/07/2020,
63,YouGov,46,36,6,3,2,10/07/2020,
65,Deltapoll,44,38,7,3,3,11/07/2020,
64,Opinium,42,38,6,4,0,12/07/2020,
67,Survation,42,36,8,5,1,13/07/2020,
66,Kantar,45,35,9,2,2,16/07/2020,
68,R+W,44,37,8,4,,16/07/2020,
69,Opinium,44,36,6,4,,19/07/2020,
70,Savanta ComRes,43,37,6,2,2,22/07/2020,
71,R+W,44,36,8,5,,24/07/2020,
72,Opinium,42,38,6,4,0,26/07/2020,
73,R+W,43,38,7,4,,31/07/2020,
78,YouGov,42,36,8,5,2,07/08/2020,
79,Kantar,42,35,8,3,3,12/08/2020,
81,R+W,43,36,9,4,,14/08/2020,
82,Opinium,42,39,5,3,0,16/08/2020,
80,YouGov,44,35,5,5,3,19/08/2020,
83,Savanta ComRes,42,37,7,3,2,19/08/2020,
84,YouGov,40,38,6,6,4,19/08/2020,
85,R+W,44,37,7,5,,20/08/2020,
86,Survation,41,37,9,4,1,25/08/2020,
87,R+W,42,37,9,5,,26/08/2020,
88,YouGov,43,36,6,4,3,26/08/2020,
89,Opinium,40,40,6,3,0,30/08/2020,
105,YouGov,39,39,6,5,4,01/09/2020,
90,R+W,43,37,8,4,,03/09/2020,
106,R+W,39,39,8,5,,03/09/2020,
91,Survation,40,38,8,4,1,08/09/2020,
93,Opinium,42,39,6,4,0,13/09/2020,
92,NCP,42,38,6,5,2,15/09/2020,
95,R+W,41,39,8,5,,17/09/2020,
97,YouGov,40,40,6,5,3,19/09/2020,
94,Ipsos,40,37,8,5,0,22/09/2020,
96,Survation,40,38,7,4,1,22/09/2020,
99,Savanta ComRes,40,37,8,3,3,22/09/2020,
98,Kantar,40,38,9,4,3,23/09/2020,
100,R+W,40,40,7,5,,24/09/2020,
102,Opinium,39,42,5,4,,27/09/2020,
103,Deltapoll,42,38,6,4,3,27/09/2020,
101,YouGov,41,38,6,5,3,28/09/2020,
104,Savanta ComRes,41,38,8,3,2,30/09/2020,
123,Savanta ComRes,40,40,7,4,2,03/10/2020,
107,Savanta ComRes,42,39,7,3,2,06/10/2020,
109,YouGov,41,38,5,6,3,09/10/2020,
110,R+W,41,39,8,4,,09/10/2020,
111,Opinium,40,40,6,3,,11/10/2020,
108,Survation,41,37,7,4,1,12/10/2020,
112,Savanta ComRes,39,39,7,4,3,14/10/2020,
114,YouGov,39,38,6,6,5,16/10/2020,
113,NCP,41,38,5,6,4,21/10/2020,
115,Savanta ComRes,42,36,8,3,2,21/10/2020,
116,R+W,40,40,7,4,,21/10/2020,
118,Opinium,38,40,6,5,,25/10/2020,
119,Deltapoll,42,39,7,3,3,25/10/2020,
117,YouGov,40,39,7,5,3,26/10/2020,
121,Savanta ComRes,42,39,7,3,2,28/10/2020,
120,Ipsos,37,42,8,5,1,30/10/2020,
122,R+W,39,41,7,4,,30/10/2020,
140,Savanta ComRes,39,38,8,3,2,02/11/2020,
124,YouGov,35,40,7,4,6,06/11/2020,
125,Survation,39,37,9,4,2,06/11/2020,
126,Opinium,38,42,7,3,,08/11/2020,
127,Kantar,40,36,8,5,3,11/11/2020,
128,Savanta ComRes,40,36,8,5,2,11/11/2020,
129,R+W,40,40,7,5,,12/11/2020,
139,Opinium,40,38,6,4,0,13/11/2020,
130,YouGov,38,40,5,5,4,16/11/2020,
131,Savanta ComRes,41,38,5,4,2,19/11/2020,
133,R+W,40,39,8,4,,20/11/2020,
134,Opinium,41,38,6,4,,22/11/2020,
132,YouGov,38,37,7,6,4,23/11/2020,
135,Savanta ComRes,39,37,7,4,3,25/11/2020,
136,NCP,39,37,7,5,4,28/11/2020,
137,YouGov,37,40,5,5,5,28/11/2020,
138,Deltapoll,37,38,9,4,3,29/11/2020,
152,Savanta ComRes,41,39,8,4,2,01/12/2020,
146,Focaldata,36,38,9,7,4,02/12/2020,
141,R+W,40,37,9,6,,04/12/2020,
155,Deltapoll,43,38,4,5,3,04/12/2020,
143,Opinium,38,40,6,3,0,06/12/2020,
142,YouGov,38,38,6,5,3,09/12/2020,
144,Survation,39,37,8,5,1,11/12/2020,
147,YouGov,37,37,8,6,5,11/12/2020,
145,Ipsos,41,41,6,5,0,14/12/2020,
149,Savanta ComRes,38,37,8,5,4,17/12/2020,
148,Kantar,38,37,10,5,3,20/12/2020,
151,Opinium,39,39,6,4,0,20/12/2020,
150,YouGov,39,37,6,6,4,22/12/2020,
153,YouGov,37,41,5,5,4,23/12/2020,
154,Survation,39,38,8,4,1,24/12/2020,
170,NCP,43,37,5,5,3,03/01/2021,
173,Savanta ComRes,41,38,6,3,2,03/01/2021,
174,Ipsos,42,38,7,8,0,08/01/2021,
157,YouGov,39,39,6,6,3,09/01/2021,
156,Opinium,39,40,6,4,0,10/01/2021,
158,Savanta ComRes,40,37,8,4,2,12/01/2021,
159,R+W,41,37,8,5,2,12/01/2021,
160,Survation,40,38,7,5,0,17/01/2021,
162,Opinium,37,41,6,4,,17/01/2021,
161,YouGov,38,39,5,6,3,19/01/2021,
164,R+W,40,38,8,5,2,19/01/2021,
163,Savanta ComRes,39,37,7,3,2,22/01/2021,
165,YouGov,39,38,5,6,4,23/01/2021,
166,Deltapoll,41,39,7,3,2,25/01/2021,
169,R+W,42,37,8,4,3,25/01/2021,
171,YouGov,37,41,6,4,3,28/01/2021,
167,Kantar,40,37,10,5,2,29/01/2021,
168,Savanta ComRes,40,37,8,3,2,29/01/2021,
172,Opinium,41,38,7,4,1,31/01/2021,
188,Survation,42,34,7,6,1,01/02/2021,
175,R+W,40,38,8,4,3,02/02/2021,
192,Savanta ComRes,43,36,7,3,3,02/02/2021,
176,YouGov,41,37,6,6,3,08/02/2021,
179,R+W,43,38,7,4,2,09/02/2021,
178,Savanta ComRes,41,37,8,4,2,11/02/2021,
180,YouGov,41,36,6,7,3,11/02/2021,
177,Survation,39,33,9,7,,12/02/2021,
181,Opinium,42,37,6,5,0,14/02/2021,
183,R+W,41,39,8,5,2,15/02/2021,
182,Savanta ComRes,42,37,7,3,2,18/02/2021,
184,YouGov,40,37,7,6,3,22/02/2021,
187,R+W,43,37,7,5,3,23/02/2021,
186,Savanta ComRes,40,38,7,3,3,24/02/2021,
185,Kantar,40,33,11,6,3,25/02/2021,
191,YouGov,41,36,5,7,3,26/02/2021,
189,Opinium,43,36,7,4,1,27/02/2021,
190,Deltapoll,42,38,6,4,3,27/02/2021,
211,Kantar,42,34,9,4,2,01/03/2021,
193,R+W,44,38,7,3,2,02/03/2021,
194,YouGov,45,32,6,7,3,04/03/2021,
213,YouGov,42,34,7,6,3,07/03/2021,
197,R+W,45,36,7,4,3,09/03/2021,
195,Savanta ComRes,42,36,8,4,3,10/03/2021,
198,Survation,43,33,9,5,1,14/03/2021,
200,Opinium,43,37,6,4,0,14/03/2021,
196,Ipsos,45,38,6,5,1,15/03/2021,
203,R+W,43,36,7,5,3,16/03/2021,
199,YouGov,42,33,7,6,3,17/03/2021,
201,Savanta ComRes,39,37,8,4,3,17/03/2021,
202,NCP,42,37,7,5,2,20/03/2021,
207,R+W,42,36,9,6,2,22/03/2021,
204,BMG,39,37,9,6,3,23/03/2021,
205,YouGov,43,34,5,7,3,24/03/2021,
206,Savanta ComRes,42,38,6,3,2,26/03/2021,
208,Opinium,41,37,6,5,1,28/03/2021,
210,Deltapoll,44,36,6,4,3,28/03/2021,
212,R+W,44,36,7,4,2,29/03/2021,
209,YouGov,42,32,8,7,3,30/03/2021,
233,Survation,39,38,9,6,,01/04/2021,
236,Focaldata,40,39,6,4,3,01/04/2021,
235,Opinium,42,37,7,4,0,02/04/2021,
237,Savanta ComRes,40,36,8,4,2,04/04/2021,
215,R+W,44,34,9,5,2,05/04/2021,
214,Savanta ComRes,42,35,8,3,2,06/04/2021,
217,Opinium,45,36,6,4,0,11/04/2021,
218,Deltapoll,45,36,6,4,4,11/04/2021,
216,YouGov,41,34,6,6,3,12/04/2021,
221,R+W,43,36,7,5,3,12/04/2021,
220,Savanta ComRes,42,35,7,4,2,14/04/2021,
219,Survation,43,35,8,4,,16/04/2021,
222,YouGov,43,29,8,8,3,16/04/2021,
226,R+W,44,34,10,4,3,19/04/2021,
224,Savanta ComRes,43,34,7,4,1,20/04/2021,
223,Survation,40,34,9,7,,22/04/2021,
227,YouGov,44,34,5,7,2,23/04/2021,
228,Opinium,44,33,7,5,0,25/04/2021,
225,Ipsos,40,37,8,5,2,26/04/2021,
231,R+W,44,34,8,4,3,26/04/2021,
229,Kantar,41,33,10,7,3,28/04/2021,
230,Savanta ComRes,42,35,8,3,2,28/04/2021,
232,YouGov,44,33,7,7,3,29/04/2021,
234,NCP,43,34,5,7,2,29/04/2021,
238,R+W,40,38,7,5,3,03/05/2021,
256,Savanta ComRes,42,32,9,5,2,03/05/2021,
239,Panelbase,45,36,6,5,,05/05/2021,
240,YouGov,43,33,7,6,3,06/05/2021,
257,Ipsos,44,35,6,7,0,07/05/2021,
242,R+W,45,34,8,5,2,10/05/2021,
241,Savanta ComRes,42,34,8,4,2,11/05/2021,
243,YouGov,45,30,7,8,2,14/05/2021,
244,Opinium,44,31,8,7,0,16/05/2021,
245,Find Out Now / Electoral Calculus,43,30,11,9,2,16/05/2021,
246,Savanta ComRes,43,32,8,5,2,17/05/2021,
247,R+W,42,33,10,6,2,17/05/2021,
248,YouGov,46,28,8,8,2,21/05/2021,
250,R+W,43,33,10,5,3,24/05/2021,
249,Savanta ComRes,43,34,9,4,2,27/05/2021,
251,Survation,44,33,8,6,,27/05/2021,
252,NCP,44,32,7,8,2,28/05/2021,
253,Survation,43,33,10,5,,29/05/2021,
254,YouGov,43,29,8,8,3,29/05/2021,
255,Opinium,42,36,6,5,1,30/05/2021,
258,R+W,45,34,8,5,3,31/05/2021,
277,Survation,41,35,10,5,,01/06/2021,
259,Survation,41,33,9,6,,04/06/2021,
260,YouGov,46,30,6,9,2,04/06/2021,
280,YouGov,42,31,10,6,3,05/06/2021,
263,R+W,43,36,7,5,1,07/06/2021,
262,Savanta ComRes,44,32,8,5,2,09/06/2021,
261,Kantar,45,32,8,6,2,10/06/2021,
265,YouGov,44,31,7,9,2,11/06/2021,
267,Opinium,43,34,6,7,,13/06/2021,
270,R+W,44,34,9,5,2,14/06/2021,
266,Survation,42,35,9,5,,15/06/2021,
268,Savanta ComRes,41,34,8,6,2,16/06/2021,
264,NCP,45,34,5,7,3,17/06/2021,
271,YouGov,45,31,6,7,4,21/06/2021,
274,R+W,44,33,10,4,3,21/06/2021,
272,Deltapoll,41,35,10,5,2,22/06/2021,
273,Savanta ComRes,44,30,10,5,1,22/06/2021,
269,Survation,41,33,8,7,,23/06/2021,
275,YouGov,42,30,9,7,4,25/06/2021,
276,Opinium,43,35,7,5,,27/06/2021,
279,R+W,41,34,9,5,3,28/06/2021,
278,Savanta ComRes,42,33,9,5,2,29/06/2021,
301,Savanta ComRes,40,34,10,6,1,03/07/2021,
283,R+W,43,34,8,6,4,05/07/2021,
281,Savanta ComRes,41,35,8,4,3,06/07/2021,
287,Opinium,43,35,6,6,,11/07/2021,
289,R+W,41,33,12,6,3,12/07/2021,
302,Ipsos,41,30,13,8,0,12/07/2021,
284,Survation,43,32,9,6,,13/07/2021,
285,YouGov,42,30,9,7,2,13/07/2021,
282,Ipsos,40,31,13,6,0,14/07/2021,
288,Savanta ComRes,40,35,9,6,2,14/07/2021,
286,Kantar,44,31,12,4,1,15/07/2021,
290,YouGov,44,31,8,6,3,19/07/2021,
292,R+W,42,33,10,5,3,19/07/2021,
293,Survation,39,35,11,5,,20/07/2021,
291,Savanta ComRes,41,34,8,5,2,22/07/2021,
294,YouGov,38,34,9,8,3,24/07/2021,
295,Opinium,43,35,8,5,,25/07/2021,
296,Survation,39,37,10,5,,26/07/2021,
298,Deltapoll,42,37,6,6,2,26/07/2021,
299,R+W,40,36,9,6,4,26/07/2021,
297,Savanta ComRes,40,34,10,4,2,28/07/2021,
300,YouGov,39,34,8,9,3,30/07/2021,
303,R+W,41,34,11,6,3,02/08/2021,
317,YouGov,39,31,8,9,4,02/08/2021,
318,Savanta ComRes,40,34,10,5,2,02/08/2021,
304,Opinium,42,35,7,5,,08/08/2021,
307,R+W,40,37,9,6,3,09/08/2021,
305,YouGov,41,33,8,7,3,11/08/2021,
306,Savanta ComRes,41,33,10,4,2,12/08/2021,
308,YouGov,40,32,9,7,2,13/08/2021,
310,R+W,40,36,10,5,3,16/08/2021,
309,Savanta ComRes,41,34,9,4,2,19/08/2021,
311,YouGov,40,32,9,8,3,20/08/2021,
312,Opinium,39,36,8,6,,22/08/2021,
316,R+W,43,33,10,6,3,23/08/2021,
313,Kantar,37,34,14,5,2,26/08/2021,
315,Savanta ComRes,41,34,9,4,2,26/08/2021,
319,R+W,41,33,9,5,4,30/08/2021,
314,Opinium,39,35,9,6,,02/09/2021,
344,Opinium,39,35,8,6,,02/09/2021,
320,Opinium,40,35,7,6,,05/09/2021,
321,Deltapoll,41,33,9,7,3,05/09/2021,
322,YouGov,38,34,8,10,3,06/09/2021,
325,R+W,41,32,11,6,4,06/09/2021,
324,Savanta ComRes,40,36,9,4,3,10/09/2021,
327,YouGov,33,35,10,9,5,10/09/2021,
326,Find Out Now / Electoral Calculus,37,33,12,8,4,11/09/2021,
328,Opinium,38,38,8,6,,12/09/2021,
332,R+W,39,35,9,6,5,13/09/2021,
330,Savanta ComRes,39,35,9,6,3,15/09/2021,
329,Panelbase,41,36,10,5,,17/09/2021,
331,Survation,40,36,9,5,,17/09/2021,
333,YouGov,39,35,7,7,3,17/09/2021,
334,Opinium,40,37,7,6,,19/09/2021,
337,R+W,41,35,8,7,3,20/09/2021,
335,Savanta ComRes,40,35,9,5,2,22/09/2021,
338,Survation,40,35,8,4,,22/09/2021,
339,YouGov,39,32,10,9,3,24/09/2021,
336,Ipsos,39,36,9,6,0,27/09/2021,
341,R+W,41,35,10,5,3,29/09/2021,
340,Kantar,43,30,11,6,1,30/09/2021,
342,YouGov,39,31,8,9,4,30/09/2021,
343,Survation,41,36,8,5,,30/09/2021,
323,YouGov,38,33,9,8,4,01/10/2021,
346,R+W,40,37,10,4,3,04/10/2021,
363,Savanta ComRes,40,35,9,4,3,04/10/2021,
345,Savanta ComRes,40,35,9,4,3,06/10/2021,
347,YouGov,39,31,9,9,4,07/10/2021,
364,Ipsos,35,36,9,11,0,08/10/2021,
348,Survation,39,35,9,5,,11/10/2021,
350,R+W,40,36,9,6,4,11/10/2021,
349,Savanta ComRes,40,35,8,5,2,14/10/2021,
352,YouGov,41,31,9,8,4,14/10/2021,
353,Opinium,41,37,7,5,,17/10/2021,
354,Deltapoll,38,37,9,6,2,17/10/2021,
351,NCP,40,32,6,9,3,18/10/2021,
357,R+W,40,37,9,5,3,18/10/2021,
355,Kantar,39,34,8,8,2,21/10/2021,
356,Savanta ComRes,40,35,8,5,3,21/10/2021,
358,YouGov,37,33,9,10,4,22/10/2021,
360,R+W,39,36,10,6,4,25/10/2021,
359,Savanta ComRes,37,35,8,7,4,27/10/2021,
361,YouGov,39,33,8,10,3,29/10/2021,
362,Opinium,40,35,8,7,,30/10/2021,
365,R+W,40,35,10,6,3,01/11/2021,
366,YouGov,36,35,8,9,5,05/11/2021,
387,Find Out Now / Electoral Calculus,36,35,11,8,3,06/11/2021,
367,Deltapoll,40,37,8,6,2,07/11/2021,
368,Opinium,37,36,9,6,,07/11/2021,
388,Survation,36,39,9,3,3,07/11/2021,
371,R+W,37,36,10,6,5,08/11/2021,
369,Savanta ComRes,38,35,10,4,3,09/11/2021,
372,R+W,36,38,10,6,3,11/11/2021,
373,YouGov,35,35,8,10,4,12/11/2021,
376,Savanta ComRes,34,40,10,5,3,13/11/2021,
374,Opinium,36,37,9,7,,14/11/2021,
378,R+W,36,37,10,5,4,15/11/2021,
377,Survation,37,37,10,4,2,17/11/2021,
375,Panelbase,38,39,9,6,,19/11/2021,
379,YouGov,36,34,7,10,5,19/11/2021,
382,R+W,37,37,9,6,4,22/11/2021,
381,Savanta ComRes,36,38,10,5,3,24/11/2021,
380,Kantar,39,36,10,5,2,25/11/2021,
383,YouGov,36,35,7,8,6,26/11/2021,
370,Find Out Now / Electoral Calculus,36,35,11,8,2,27/11/2021,
384,Opinium,36,38,8,6,,28/11/2021,
386,R+W,38,36,10,6,4,29/11/2021,
385,Savanta ComRes,37,37,8,5,4,30/11/2021,
414,Deltapoll,35,40,10,4,3,02/12/2021,
389,YouGov,36,33,9,9,6,03/12/2021,
391,Deltapoll,37,38,10,5,2,05/12/2021,
394,R+W,38,36,9,6,4,06/12/2021,
392,Savanta ComRes,38,37,9,5,2,07/12/2021,
395,R+W,34,38,11,6,5,08/12/2021,
396,YouGov,33,37,9,7,6,09/12/2021,
397,Survation,34,40,10,4,3,10/12/2021,
399,Focaldata,33,41,7,6,6,10/12/2021,
400,Savanta ComRes,33,39,9,4,4,11/12/2021,
401,YouGov,32,40,8,7,7,11/12/2021,
398,Opinium,32,41,9,5,,12/12/2021,
393,Ipsos,34,39,11,7,1,13/12/2021,
403,Survation,32,39,9,5,4,13/12/2021,
404,R+W,32,37,11,7,7,13/12/2021,
402,Kantar,34,38,11,7,3,16/12/2021,
406,YouGov,32,37,10,7,6,16/12/2021,
407,Find Out Now / Electoral Calculus,30,38,10,10,7,17/12/2021,
408,Savanta ComRes,34,38,10,4,4,17/12/2021,
411,R+W,31,39,13,6,5,20/12/2021,
409,Savanta ComRes,32,37,13,5,4,22/12/2021,
410,YouGov,30,36,12,8,5,22/12/2021,
412,Focaldata,34,41,9,4,3,22/12/2021,
390,Focaldata,32,40,10,7,,25/12/2021,
413,Opinium,32,39,11,6,,26/12/2021,
405,Survation,35,41,9,5,,27/12/2021,
442,Savanta ComRes,33,44,9,3,3,01/01/2022,
415,R+W,35,38,10,5,4,03/01/2022,
416,Opinium,34,39,11,5,,09/01/2022,
417,YouGov,33,37,10,6,5,10/01/2022,
419,R+W,35,39,12,5,4,10/01/2022,
418,Savanta ComRes,33,37,11,5,4,11/01/2022,
420,YouGov,28,38,13,7,4,13/01/2022,
422,Focaldata,33,42,11,4,3,13/01/2022,
423,YouGov,29,40,11,6,6,14/01/2022,
426,Find Out Now / Electoral Calculus,27,41,11,8,5,14/01/2022,
427,Savanta ComRes,32,42,11,4,2,14/01/2022,
424,Opinium,31,41,9,6,,16/01/2022,
425,Deltapoll,32,41,11,5,2,17/01/2022,
431,R+W,30,43,9,7,4,17/01/2022,
428,YouGov,31,39,11,6,5,18/01/2022,
429,Savanta ComRes,32,41,11,4,3,19/01/2022,
430,Survation,33,43,10,3,2,21/01/2022,
433,YouGov,32,39,8,8,4,24/01/2022,
436,R+W,34,41,11,5,3,24/01/2022,
435,Savanta ComRes,32,40,11,4,3,25/01/2022,
432,Ipsos,31,40,13,9,0,27/01/2022,
434,Kantar,34,38,11,7,2,27/01/2022,
437,Survation,35,40,10,3,3,27/01/2022,
439,YouGov,32,38,11,7,3,28/01/2022,
438,Deltapoll,32,42,10,6,1,30/01/2022,
440,Opinium,34,39,9,5,,30/01/2022,
443,R+W,33,40,11,6,3,31/01/2022,
462,NCP,35,42,8,6,2,01/02/2022,
421,JL Partners,31,45,11,8,,02/02/2022,
466,Savanta ComRes,34,42,9,3,3,03/02/2022,
441,Techne,31,38,12,6,,04/02/2022,
445,Techne,32,40,10,6,,04/02/2022,
446,Deltapoll,34,41,10,5,2,06/02/2022,
444,YouGov,32,41,10,6,4,07/02/2022,
448,R+W,32,42,9,6,4,07/02/2022,
447,Savanta ComRes,33,42,9,5,3,09/02/2022,
449,Techne,33,41,9,6,,11/02/2022,
450,Opinium,32,42,9,5,,13/02/2022,
451,Opinium,34,37,11,6,,13/02/2022,
452,YouGov,34,37,10,8,4,14/02/2022,
454,R+W,33,38,11,6,5,14/02/2022,
453,Savanta ComRes,32,41,11,4,3,16/02/2022,
456,Techne,34,39,10,6,,18/02/2022,
457,YouGov,34,38,10,6,4,18/02/2022,
461,R+W,33,39,11,7,4,21/02/2022,
458,Survation,35,42,9,3,2,23/02/2022,
455,Find Out Now / Electoral Calculus,32,38,13,7,3,24/02/2022,
459,Kantar,34,39,12,6,2,24/02/2022,
460,Savanta ComRes,33,40,11,5,3,24/02/2022,
463,Techne,35,39,9,6,,25/02/2022,
464,Opinium,34,38,11,6,,27/02/2022,
465,YouGov,34,39,9,6,5,28/02/2022,
467,R+W,35,38,12,5,4,28/02/2022,
492,YouGov,33,37,9,6,5,01/03/2022,
493,Techne,36,39,9,5,,01/03/2022,
468,Techne,35,38,10,6,,04/03/2022,
472,R+W,37,40,10,5,2,07/03/2022,
469,YouGov,35,37,7,8,5,08/03/2022,
470,Savanta ComRes,34,41,9,4,3,09/03/2022,
473,YouGov,33,39,10,7,4,10/03/2022,
474,Deltapoll,34,40,10,5,2,11/03/2022,
475,Techne,36,38,9,6,,11/03/2022,
476,Opinium,35,37,9,7,,12/03/2022,
479,R+W,36,39,10,6,4,14/03/2022,
477,Ipsos,35,39,10,7,1,18/03/2022,
478,Savanta ComRes,35,40,9,3,3,18/03/2022,
480,YouGov,33,39,10,7,4,18/03/2022,
481,Techne,35,39,10,6,,18/03/2022,
484,R+W,35,40,11,7,2,21/03/2022,
483,Savanta ComRes,35,39,10,4,3,23/03/2022,
471,Survation,37,40,9,5,,24/03/2022,
482,Kantar,36,36,12,6,3,24/03/2022,
485,YouGov,35,36,9,8,5,25/03/2022,
486,Techne,35,40,10,5,,25/03/2022,
487,YouGov,35,37,10,7,4,25/03/2022,
488,Opinium,36,38,9,7,,27/03/2022,
490,R+W,35,37,9,5,5,28/03/2022,
489,Savanta ComRes,35,39,11,3,3,29/03/2022,
491,Survation,35,42,9,3,2,31/03/2022,
495,R+W,36,42,9,4,3,04/04/2022,
517,Savanta ComRes,35,41,9,4,3,04/04/2022,
494,Savanta ComRes,33,40,11,4,3,05/04/2022,
496,Techne,35,40,10,4,,08/04/2022,
498,Opinium,34,38,10,7,,10/04/2022,
502,R+W,34,42,8,5,4,11/04/2022,
497,YouGov,34,37,10,7,4,12/04/2022,
501,Savanta ComRes,34,40,9,4,3,13/04/2022,
500,Kantar,34,37,11,7,4,14/04/2022,
503,Techne,34,41,9,5,,15/04/2022,
504,YouGov,33,38,10,7,5,16/04/2022,
505,Deltapoll,32,43,9,6,2,17/04/2022,
507,R+W,34,42,10,5,3,18/04/2022,
508,YouGov,33,39,9,8,3,22/04/2022,
509,Techne,34,40,10,5,,22/04/2022,
510,Opinium,34,36,10,8,,24/04/2022,
514,R+W,34,42,11,4,4,25/04/2022,
515,YouGov,33,39,11,6,3,28/04/2022,
511,Ipsos,35,40,10,7,0,29/04/2022,
513,Survation,33,42,9,4,2,29/04/2022,
516,Techne,35,40,9,6,,29/04/2022,
512,Savanta ComRes,34,40,11,3,3,30/04/2022,
499,Focaldata,34,43,9,5,4,01/05/2022,
506,Opinium,35,37,10,7,,01/05/2022,
537,YouGov,31,39,12,7,4,01/05/2022,
518,R+W,33,41,12,5,3,02/05/2022,
543,Techne,32,40,12,6,,03/05/2022,
519,Techne,34,40,10,5,,06/05/2022,
522,R+W,33,39,12,7,2,09/05/2022,
520,YouGov,35,36,10,8,4,10/05/2022,
521,Savanta ComRes,34,39,11,3,3,10/05/2022,
524,YouGov,33,38,12,6,3,13/05/2022,
525,Techne,34,39,11,6,,13/05/2022,
526,Opinium,34,37,12,7,,15/05/2022,
529,R+W,35,39,12,6,3,16/05/2022,
527,Ipsos,33,39,12,5,1,19/05/2022,
528,Savanta ComRes,34,41,10,4,2,19/05/2022,
530,R+W,33,39,12,4,5,19/05/2022,
531,YouGov,31,39,12,7,4,20/05/2022,
532,Techne,35,39,10,6,,20/05/2022,
533,Savanta ComRes,34,40,10,4,2,20/05/2022,
523,Find Out Now / Electoral Calculus,34,44,8,2,4,23/05/2022,
536,R+W,33,39,12,5,4,23/05/2022,
535,Savanta ComRes,34,40,10,5,2,25/05/2022,
534,Kantar,32,38,13,8,3,26/05/2022,
538,R+W,31,40,14,5,3,26/05/2022,
539,Techne,33,40,11,6,,27/05/2022,
540,Opinium,33,36,11,8,,29/05/2022,
542,R+W,36,43,10,5,2,30/05/2022,
541,Savanta ComRes,31,42,11,3,3,31/05/2022,
549,YouGov,32,39,11,7,3,01/06/2022,
564,Ipsos,30,41,15,6,1,01/06/2022,
571,Techne,33,39,13,5,,01/06/2022,
544,R+W,33,39,12,6,4,02/06/2022,
567,Survation,35,43,11,2,1,04/06/2022,
546,R+W,34,38,11,7,4,06/06/2022,
569,BMG,32,42,11,4,4,06/06/2022,
547,R+W,32,40,13,5,4,09/06/2022,
545,YouGov,32,36,12,8,4,10/06/2022,
548,Techne,33,39,12,6,,10/06/2022,
550,Opinium,34,36,13,6,,12/06/2022,
553,R+W,32,39,15,6,2,13/06/2022,
552,Savanta ComRes,34,40,10,4,2,15/06/2022,
554,R+W,34,42,12,4,3,16/06/2022,
551,Survation,34,41,10,3,2,17/06/2022,
555,Techne,33,39,13,5,,17/06/2022,
556,YouGov,33,39,10,6,4,17/06/2022,
559,R+W,33,40,13,5,5,20/06/2022,
557,Kantar,34,36,13,5,4,23/06/2022,
558,Savanta ComRes,31,42,10,5,3,23/06/2022,
560,R+W,32,41,13,5,4,24/06/2022,
561,Techne,32,38,14,6,,24/06/2022,
563,Opinium,34,37,11,6,,26/06/2022,
566,R+W,33,41,15,4,3,27/06/2022,
562,YouGov,34,39,9,8,4,28/06/2022,
565,Savanta ComRes,34,41,10,5,1,29/06/2022,
568,YouGov,33,36,13,6,3,30/06/2022,
570,R+W,32,40,13,4,3,30/06/2022,
593,Ipsos,30,44,10,8,1,01/07/2022,
600,R+W,34,38,11,7,4,01/07/2022,
598,YouGov,34,35,13,7,3,02/07/2022,
573,R+W,35,41,11,5,5,04/07/2022,
599,Kantar,32,36,13,8,4,04/07/2022,
572,Savanta ComRes,32,41,11,3,4,05/07/2022,
575,YouGov,29,40,15,6,3,07/07/2022,
577,R+W,31,43,12,7,2,07/07/2022,
574,Survation,31,45,11,3,2,08/07/2022,
578,Techne,29,41,14,6,,08/07/2022,
576,Opinium,33,38,12,6,,10/07/2022,
579,Savanta ComRes,28,43,12,4,3,11/07/2022,
580,R+W,31,42,12,5,5,11/07/2022,
582,YouGov,29,40,13,7,4,15/07/2022,
583,Techne,31,40,13,6,,15/07/2022,
581,JL Partners,31,42,12,6,3,17/07/2022,
586,R+W,32,42,12,5,3,18/07/2022,
584,Kantar,33,37,13,7,4,21/07/2022,
585,Savanta ComRes,30,43,11,4,3,21/07/2022,
587,R+W,35,44,9,5,3,21/07/2022,
588,Techne,32,41,12,6,,22/07/2022,
589,Savanta ComRes,33,44,9,3,3,22/07/2022,
590,Opinium,34,37,13,6,,24/07/2022,
592,Deltapoll,31,42,10,6,3,24/07/2022,
595,R+W,34,40,12,5,3,25/07/2022,
591,YouGov,32,39,12,8,4,27/07/2022,
596,R+W,33,41,11,5,4,28/07/2022,
594,Savanta ComRes,29,42,12,4,4,29/07/2022,
597,Techne,33,40,12,6,,29/07/2022,
622,R+W,31,42,12,7,3,01/08/2022,
621,PeoplePolling,25,42,10,7,4,02/08/2022,
624,Techne,32,42,12,5,,02/08/2022,
626,Opinium,34,38,12,6,,03/08/2022,
627,Deltapoll,31,42,10,6,3,03/08/2022,
602,R+W,32,40,13,4,4,04/08/2022,
601,Techne,34,39,13,5,,05/08/2022,
623,Survation,33,43,11,3,1,05/08/2022,
625,YouGov,28,43,11,6,3,06/08/2022,
603,Opinium,34,37,12,6,,07/08/2022,
604,YouGov,33,37,11,8,3,08/08/2022,
605,R+W,35,40,12,5,3,08/08/2022,
607,Techne,35,39,12,5,,12/08/2022,
608,R+W,34,41,12,5,3,15/08/2022,
606,YouGov,30,39,12,6,4,17/08/2022,
610,BMG,32,42,11,5,3,19/08/2022,
609,YouGov,28,43,11,7,4,20/08/2022,
611,Opinium,31,39,10,7,,21/08/2022,
614,R+W,31,43,13,5,3,22/08/2022,
613,Deltapoll,31,43,11,6,2,24/08/2022,
612,Kantar,33,40,14,6,2,25/08/2022,
617,R+W,33,42,12,5,2,25/08/2022,
615,PeoplePolling,26,40,11,6,5,26/08/2022,
618,Techne,33,41,11,6,,26/08/2022,
620,R+W,33,42,13,4,4,29/08/2022,
616,YouGov,31,39,11,7,5,30/08/2022,
619,Deltapoll,31,44,12,4,2,31/08/2022,
659,Opinium,27,46,9,6,,02/09/2022,
662,Savanta ComRes,25,50,11,3,3,03/09/2022,
628,R+W,31,43,12,6,3,05/09/2022,
629,YouGov,29,44,10,7,3,08/09/2022,
630,R+W,30,42,14,6,2,08/09/2022,
631,PeoplePolling,28,40,9,7,4,09/09/2022,
632,Techne,34,42,11,4,,11/09/2022,
635,Savanta ComRes,35,42,10,3,3,12/09/2022,
634,Deltapoll,32,44,9,4,2,14/09/2022,
636,YouGov,32,42,10,7,2,14/09/2022,
637,PeoplePolling,28,40,10,6,5,16/09/2022,
638,Techne,35,41,10,5,,16/09/2022,
652,Opinium,28,43,13,7,,17/09/2022,
640,Deltapoll,32,42,10,6,2,20/09/2022,
641,R+W,34,42,10,5,3,20/09/2022,
633,Ipsos,30,40,13,8,1,22/09/2022,
642,PeoplePolling,28,40,10,8,4,23/09/2022,
643,R+W,32,42,12,5,4,23/09/2022,
644,Techne,34,41,11,5,,23/09/2022,
645,YouGov,32,40,9,8,3,23/09/2022,
639,Savanta ComRes,33,45,10,4,3,25/09/2022,
651,R+W,31,44,11,6,2,26/09/2022,
646,Deltapoll,31,44,12,4,2,27/09/2022,
648,YouGov,28,45,9,7,3,27/09/2022,
650,Find Out Now / Electoral Calculus,28,45,11,6,3,28/09/2022,
647,Kantar,35,39,10,4,3,29/09/2022,
653,Deltapoll,29,48,9,4,2,29/09/2022,
655,R+W,29,46,13,4,4,29/09/2022,
656,YouGov,21,54,7,6,4,29/09/2022,
660,Survation,28,49,11,1,2,29/09/2022,
649,Omnisis,32,44,10,5,4,30/09/2022,
654,BMG,30,47,9,5,3,30/09/2022,
657,Techne,27,47,11,6,,30/09/2022,
658,PeoplePolling,20,50,9,8,3,30/09/2022,
661,Omnisis,23,55,7,5,3,30/09/2022,
663,R+W,24,52,10,5,3,03/10/2022,
703,Focaldata,29,48,8,4,5,04/10/2022,
664,R+W,24,52,10,5,3,06/10/2022,
665,Techne,26,48,10,6,,07/10/2022,
668,PeoplePolling,20,52,8,7,4,07/10/2022,
669,Deltapoll,26,51,9,4,2,07/10/2022,
670,Omnisis,24,51,10,5,4,07/10/2022,
666,Opinium,26,47,11,6,,08/10/2022,
671,YouGov,22,52,9,6,5,08/10/2022,
673,R+W,25,54,10,4,3,10/10/2022,
674,YouGov,23,51,9,7,3,13/10/2022,
675,PeoplePolling,19,53,8,6,4,13/10/2022,
677,R+W,24,53,13,3,2,13/10/2022,
667,Ipsos,26,47,10,8,2,14/10/2022,
672,Savanta ComRes,23,51,10,4,3,14/10/2022,
676,Techne,25,49,11,6,,14/10/2022,
678,Omnisis,28,49,10,5,2,14/10/2022,
679,Deltapoll,23,55,7,4,3,17/10/2022,
681,R+W,20,56,11,5,2,17/10/2022,
680,Savanta ComRes,22,52,11,2,3,19/10/2022,
682,Survation,23,52,11,3,2,20/10/2022,
683,R+W,19,55,12,4,4,20/10/2022,
684,Techne,22,53,11,5,,20/10/2022,
686,Omnisis,22,57,7,4,3,20/10/2022,
687,PeoplePolling,14,53,11,6,5,20/10/2022,
688,YouGov,19,56,10,4,5,21/10/2022,
685,Opinium,23,50,9,6,,23/10/2022,
689,Deltapoll,25,51,10,5,3,24/10/2022,
690,Omnisis,22,56,10,4,3,24/10/2022,
692,R+W,21,54,11,4,4,24/10/2022,
691,Savanta ComRes,25,51,8,2,6,26/10/2022,
694,YouGov,23,51,9,4,6,27/10/2022,
695,R+W,23,55,9,5,4,27/10/2022,
693,BMG,26,49,10,5,5,28/10/2022,
696,PeoplePolling,20,51,9,5,7,28/10/2022,
697,Techne,26,50,10,5,,28/10/2022,
698,Survation,27,51,8,2,1,28/10/2022,
700,Omnisis,25,53,7,4,6,28/10/2022,
699,Opinium,28,44,10,5,,30/10/2022,
701,Deltapoll,26,51,9,4,3,31/10/2022,
702,R+W,27,50,9,5,3,31/10/2022,
736,Savanta ComRes,26,47,10,2,5,01/11/2022,
738,YouGov,22,47,9,5,9,01/11/2022,
739,BMG,28,46,10,5,6,02/11/2022,
740,PeoplePolling,21,46,7,9,7,02/11/2022,
741,Techne,26,49,10,4,5,02/11/2022,
705,YouGov,24,50,9,5,6,03/11/2022,
707,R+W,30,47,12,3,4,03/11/2022,
704,PeoplePolling,21,47,10,7,5,04/11/2022,
708,Techne,29,49,9,4,,04/11/2022,
710,Omnisis,27,51,7,3,6,04/11/2022,
742,Opinium,29,43,8,6,6,04/11/2022,
709,Opinium,28,46,8,6,,05/11/2022,
706,Survation,27,50,7,3,3,06/11/2022,
711,R+W,27,48,10,4,5,07/11/2022,
712,Deltapoll,29,47,9,5,3,07/11/2022,
714,R+W,28,49,11,4,4,10/11/2022,
713,PeoplePolling,21,42,9,9,8,11/11/2022,
715,Techne,30,49,8,4,,11/11/2022,
718,Omnisis,26,49,7,5,8,11/11/2022,
719,Deltapoll,27,50,6,6,3,14/11/2022,
720,R+W,26,50,9,5,4,14/11/2022,
716,YouGov,25,48,10,5,5,16/11/2022,
722,R+W,27,48,10,4,5,17/11/2022,
717,Ipsos,29,50,7,3,2,18/11/2022,
723,Techne,28,50,8,4,,18/11/2022,
724,Omnisis,21,48,10,7,5,18/11/2022,
725,Opinium,28,45,9,4,,19/11/2022,
728,PeoplePolling,21,47,10,7,6,19/11/2022,
726,Deltapoll,25,51,9,4,4,20/11/2022,
730,R+W,28,49,9,4,5,21/11/2022,
721,YouGov,26,47,9,5,6,23/11/2022,
727,Kantar,30,45,8,4,5,24/11/2022,
732,PeoplePolling,24,44,8,8,5,25/11/2022,
733,Techne,27,50,9,4,,25/11/2022,
734,Omnisis,25,49,9,5,6,25/11/2022,
729,Savanta ComRes,28,46,10,3,3,26/11/2022,
735,Deltapoll,30,48,10,3,4,28/11/2022,
737,R+W,27,47,11,6,5,28/11/2022,
731,YouGov,25,48,9,5,5,29/11/2022,
743,Omnisis,25,48,9,6,5,02/12/2022,
747,R+W,26,48,10,6,5,05/12/2022,
744,Deltapoll,28,48,10,4,4,06/12/2022,
748,YouGov,24,48,9,6,8,08/12/2022,
745,Savanta ComRes,31,42,10,3,5,09/12/2022,
749,PeoplePolling,20,47,8,6,9,09/12/2022,
750,Techne,27,48,9,4,5,09/12/2022,
752,Omnisis,30,48,9,6,4,09/12/2022,
756,R+W,29,46,9,5,7,12/12/2022,
746,Savanta ComRes,28,48,11,3,4,13/12/2022,
755,Deltapoll,32,45,8,6,4,13/12/2022,
753,Kantar,29,46,9,5,4,15/12/2022,
754,Savanta ComRes,29,45,8,3,6,15/12/2022,
757,PeoplePolling,24,45,7,6,7,16/12/2022,
758,Techne,28,46,9,5,6,16/12/2022,
759,YouGov,23,48,8,5,9,16/12/2022,
761,Omnisis,26,47,9,6,6,16/12/2022,
760,Opinium,29,44,9,5,8,18/12/2022,
751,Ipsos,23,49,13,3,2,19/12/2022,
766,Omnisis,25,51,7,5,6,22/12/2022,
762,Savanta ComRes,28,45,9,3,5,23/12/2022,
764,PeoplePolling,22,46,8,6,8,23/12/2022,
765,Techne,28,45,8,5,7,23/12/2022,
763,YouGov,24,48,9,5,8,29/12/2022,
767,PeoplePolling,19,45,8,9,8,29/12/2022,
768,R+W,27,47,12,3,5,03/01/2023,
769,PeoplePolling,22,46,7,7,8,06/01/2023,
770,Techne,25,46,9,5,8,06/01/2023,
771,YouGov,25,46,9,6,7,06/01/2023,
772,Omnisis,27,49,10,4,4,06/01/2023,
773,Deltapoll,31,45,9,5,3,09/01/2023,
774,R+W,26,48,9,5,6,09/01/2023,
775,PeoplePolling,21,48,8,7,7,12/01/2023,
776,Omnisis,28,48,7,7,3,13/01/2023,
777,Techne,26,47,8,5,7,13/01/2023,
778,Opinium,29,45,9,5,6,15/01/2023,
779,YouGov,26,48,8,5,7,18/01/2023,
780,Focaldata,24,49,9,4,7,18/01/2023,
781,PeoplePolling,21,50,8,5,7,24/01/2023,
782,Techne,26,47,8,5,7,25/01/2023,
783,Omnisis,26,50,7,6,7,26/01/2023,
784,R+W,28,49,8,5,5,29/01/2023,
785,Deltapoll,29,46,9,4,4,29/01/2023,
786,YouGov,26,45,10,7,6,29/01/2023,
787,BMG,29,46,9,3,6,29/01/2023,
788,Techne,27,48,8,4,7,01/02/2023,
789,PeoplePolling,22,46,9,7,7,01/02/2023,
790,YouGov,24,48,9,6,6,01/02/2023,
791,Savanta ComRes,26,47,9,4,6,01/02/2023,
792,Omnisis,24,48,9,5,6,03/02/2023,
793,Deltapoll,29,47,9,4,5,06/02/2023,
794,Savanta ComRes,27,46,9,4,5,06/02/2023,
795,Techne,26,47,9,5,6,08/02/2023,
796,PeoplePolling,21,50,7,6,7,09/02/2023,
797,YouGov,24,47,10,6,6,09/02/2023,
798,Omnisis,26,47,10,4,8,10/02/2023,
799,Survation,26,42,11,5,6,10/02/2023,
800,R+W,27,48,9,5,6,12/02/2023,
801,Deltapoll,28,48,8,6,3,13/02/2023,
802,Savanta ComRes,28,45,10,4,5,13/02/2023,
803,Techne,27,48,8,5,6,15/02/2023,
804,Omnisis,25,48,10,5,7,15/02/2023,
805,PeoplePolling,21,48,8,8,7,15/02/2023,
806,Opinium,28,44,9,6,7,17/02/2023,
807,R+W,24,51,10,5,6,18/02/2023,
808,YouGov,22,50,9,6,7,18/02/2023,
809,Savanta ComRes,31,45,9,3,4,19/02/2023,
810,Kantar,28,45,9,7,5,20/02/2023,
811,Techne,27,49,8,5,5,22/02/2023,
812,PeoplePolling,20,46,7,8,9,22/02/2023,
813,Omnisis,24,48,10,5,8,22/02/2023,
814,BMG,29,46,9,4,6,23/02/2023,
815,R+W,24,51,9,5,7,26/02/2023,
816,YouGov,23,46,9,7,8,26/02/2023,
817,Deltapoll,31,46,8,4,5,27/02/2023,
818,Techne,29,47,8,5,6,01/03/2023,
819,Omnisis,26,45,11,6,6,02/03/2023,
820,Find Out Now / Electoral Calculus,25,48,9,6,5,02/03/2023,
821,Opinium,27,44,7,7,8,02/03/2023,
822,R+W,24,50,9,5,7,05/03/2023,
823,Ipsos,25,51,9,5,3,05/03/2023,
824,YouGov,25,47,10,5,6,05/03/2023,
825,Techne,29,46,9,5,6,08/03/2023,
826,PeoplePolling,23,42,8,10,7,08/03/2023,
827,Omnisis,26,50,7,5,6,09/03/2023,
828,YouGov,23,45,10,7,7,09/03/2023,
829,Savanta ComRes,32,43,9,3,5,09/03/2023,
830,Survation,29,45,10,3,4,09/03/2023,
831,Deltapoll,27,50,9,4,4,10/03/2023,
832,R+W,27,48,11,5,6,12/03/2023,
833,Savanta ComRes,30,45,9,3,5,12/03/2023,
834,Omnisis,25,46,6,7,9,15/03/2023,
835,Techne,30,47,8,4,5,15/03/2023,
836,Survation,32,48,9,2,3,15/03/2023,
837,YouGov,27,46,9,6,6,16/03/2023,
838,BMG,29,46,8,6,4,16/03/2023,
839,Opinium,29,44,8,6,7,17/03/2023,
840,PeoplePolling,20,45,9,6,13,17/03/2023,
841,Deltapoll,35,45,7,4,3,17/03/2023,
842,R+W,26,47,11,6,5,18/03/2023,
843,Survation,31,46,8,2,4,18/03/2023,
844,YouGov,23,49,10,6,6,21/03/2023,
845,PeoplePolling,22,43,10,8,9,22/03/2023,
846,Techne,31,46,8,4,5,22/03/2023,
847,Omnisis,29,44,10,5,6,23/03/2023,
848,R+W,27,46,10,4,8,26/03/2023,
849,Deltapoll,30,45,10,4,4,26/03/2023,
850,Savanta ComRes,29,45,9,3,4,26/03/2023,
851,Omnisis,27,50,9,4,6,28/03/2023,
852,Techne,30,46,9,4,5,29/03/2023,
853,PeoplePolling,24,42,9,7,8,29/03/2023,
854,YouGov,26,46,9,7,7,30/03/2023,
855,Opinium,29,44,9,5,7,31/03/2023,
856,R+W,28,45,12,4,5,02/04/2023,
857,Deltapoll,27,48,9,4,5,03/04/2023,
858,Savanta ComRes,29,45,10,3,5,03/04/2023,
859,Techne,30,45,9,5,5,05/04/2023,
860,Opinium,30,41,10,5,7,05/04/2023,
861,R+W,30,44,10,5,6,09/04/2023,
862,Techne,30,45,10,4,6,12/04/2023,
,,,,,,,,