Polling,Con,Lab,LD,Green,BXP/Reform,date_published,date_ordinals
BMG,44.0,29.0,11.0,5.0,4.0,2020-01-13,737437
Opinium,47.0,30.0,9.0,4.0,3.0,2020-01-18,737442
YouGov,49.0,29.0,10.0,4.0,2.0,2020-01-28,737452
Survation,44.0,33.0,10.0,3.0,3.0,2020-01-31,737455
YouGov,49.0,30.0,8.0,5.0,2.0,2020-01-05,737429
Ipsos,47.0,30.0,11.0,5.0,1.0,2020-01-06,737430
BMG,41.0,29.0,11.0,8.0,3.0,2020-02-08,737463
YouGov,48.0,28.0,10.0,6.0,2.0,2020-02-14,737469
Opinium,47.0,32.0,7.0,4.0,2.0,2020-02-15,737470
Savanta ComRes,47.0,31.0,9.0,4.0,3.0,2020-02-23,737478
BMG,45.0,28.0,11.0,,,2020-03-08,737492
Kantar,50.0,29.0,11.0,2.0,1.0,2020-03-11,737495
Opinium,49.0,32.0,6.0,5.0,0.0,2020-03-15,737499
Ipsos,52.0,30.0,9.0,4.0,0.0,2020-03-19,737503
NCP,54.0,28.0,7.0,4.0,2.0,2020-03-28,737512
Opinium,54.0,28.0,6.0,3.0,0.0,2020-03-29,737513
YouGov,52.0,28.0,8.0,5.0,1.0,2020-04-03,737518
Opinium,53.0,30.0,7.0,3.0,0.0,2020-04-05,737520
BMG,46.0,29.0,10.0,6.0,2.0,2020-04-11,737526
Opinium,55.0,29.0,5.0,4.0,0.0,2020-04-12,737527
Opinium,51.0,32.0,6.0,3.0,0.0,2020-04-19,737534
YouGov,53.0,32.0,5.0,3.0,1.0,2020-04-20,737535
Kantar,54.0,28.0,9.0,4.0,1.0,2020-04-22,737537
R+W,52.0,31.0,8.0,3.0,,2020-04-19,737534
Opinium,50.0,33.0,7.0,3.0,0.0,2020-04-26,737541
R+W,50.0,33.0,7.0,4.0,,2020-04-28,737543
Survation,48.0,31.0,8.0,5.0,1.0,2020-04-01,737516
Opinium,51.0,33.0,6.0,3.0,0.0,2020-04-03,737518
YouGov,50.0,30.0,7.0,5.0,3.0,2020-05-07,737552
Opinium,49.0,33.0,6.0,5.0,0.0,2020-05-10,737555
R+W,50.0,31.0,7.0,5.0,,2020-05-06,737551
Kantar,51.0,32.0,7.0,2.0,2.0,2020-05-14,737559
Opinium,49.0,34.0,6.0,3.0,0.0,2020-05-17,737562
R+W,47.0,35.0,9.0,3.0,,2020-05-18,737563
Savanta ComRes,46.0,33.0,7.0,4.0,2.0,2020-05-21,737566
Opinium,47.0,35.0,6.0,3.0,0.0,2020-05-24,737569
Survation,46.0,33.0,8.0,4.0,0.0,2020-05-26,737571
YouGov,44.0,38.0,6.0,4.0,2.0,2020-05-27,737572
YouGov,43.0,38.0,6.0,4.0,3.0,2020-05-29,737574
R+W,43.0,37.0,9.0,3.0,,2020-05-27,737572
Deltapoll,43.0,38.0,8.0,4.0,2.0,2020-05-31,737576
Opinium,43.0,39.0,6.0,3.0,0.0,2020-05-31,737576
YouGov,45.0,35.0,6.0,5.0,2.0,2020-05-01,737546
R+W,43.0,36.0,9.0,5.0,,2020-06-04,737580
Survation,41.0,39.0,7.0,4.0,1.0,2020-06-07,737583
Deltapoll,41.0,38.0,8.0,4.0,3.0,2020-06-07,737583
Opinium,43.0,40.0,6.0,3.0,0.0,2020-06-07,737583
Ipsos,43.0,38.0,10.0,3.0,0.0,2020-06-12,737588
Survation,42.0,36.0,8.0,4.0,1.0,2020-06-11,737587
R+W,41.0,39.0,9.0,4.0,,2020-06-13,737589
YouGov,45.0,37.0,6.0,4.0,2.0,2020-06-13,737589
Opinium,44.0,39.0,6.0,2.0,,2020-06-14,737590
Kantar,43.0,35.0,8.0,4.0,2.0,2020-06-17,737593
Savanta ComRes,40.0,36.0,9.0,3.0,3.0,2020-06-18,737594
R+W,43.0,38.0,8.0,4.0,,2020-06-19,737595
Opinium,44.0,40.0,5.0,3.0,,2020-06-20,737596
Survation,43.0,36.0,8.0,4.0,0.0,2020-06-26,737602
R+W,44.0,38.0,7.0,4.0,,2020-06-26,737602
Opinium,43.0,39.0,6.0,4.0,,2020-06-27,737603
R+W,42.0,38.0,8.0,5.0,,2020-07-02,737608
Opinium,41.0,37.0,8.0,4.0,0.0,2020-07-05,737611
Survation,44.0,37.0,7.0,4.0,0.0,2020-07-07,737613
R+W,44.0,39.0,7.0,4.0,,2020-07-09,737615
YouGov,46.0,36.0,6.0,3.0,2.0,2020-07-10,737616
Opinium,42.0,38.0,6.0,4.0,0.0,2020-07-12,737618
Deltapoll,44.0,38.0,7.0,3.0,3.0,2020-07-11,737617
Kantar,45.0,35.0,9.0,2.0,2.0,2020-07-16,737622
Survation,42.0,36.0,8.0,5.0,1.0,2020-07-13,737619
R+W,44.0,37.0,8.0,4.0,,2020-07-16,737622
Opinium,44.0,36.0,6.0,4.0,,2020-07-19,737625
Savanta ComRes,43.0,37.0,6.0,2.0,2.0,2020-07-22,737628
R+W,44.0,36.0,8.0,5.0,,2020-07-24,737630
Opinium,42.0,38.0,6.0,4.0,0.0,2020-07-26,737632
R+W,43.0,38.0,7.0,4.0,,2020-07-31,737637
Opinium,41.0,38.0,6.0,4.0,0.0,2020-07-01,737607
YouGov,43.0,35.0,6.0,5.0,3.0,2020-07-05,737611
Ipsos,45.0,37.0,6.0,5.0,1.0,2020-07-06,737612
Survation,44.0,35.0,8.0,5.0,0.0,2020-07-04,737610
YouGov,42.0,36.0,8.0,5.0,2.0,2020-08-07,737644
Kantar,42.0,35.0,8.0,3.0,3.0,2020-08-12,737649
YouGov,44.0,35.0,5.0,5.0,3.0,2020-08-19,737656
R+W,43.0,36.0,9.0,4.0,,2020-08-14,737651
Opinium,42.0,39.0,5.0,3.0,0.0,2020-08-16,737653
Savanta ComRes,42.0,37.0,7.0,3.0,2.0,2020-08-19,737656
YouGov,40.0,38.0,6.0,6.0,4.0,2020-08-19,737656
R+W,44.0,37.0,7.0,5.0,,2020-08-20,737657
Survation,41.0,37.0,9.0,4.0,1.0,2020-08-25,737662
R+W,42.0,37.0,9.0,5.0,,2020-08-26,737663
YouGov,43.0,36.0,6.0,4.0,3.0,2020-08-26,737663
Opinium,40.0,40.0,6.0,3.0,0.0,2020-08-30,737667
R+W,43.0,37.0,8.0,4.0,,2020-09-03,737671
Survation,40.0,38.0,8.0,4.0,1.0,2020-09-08,737676
NCP,42.0,38.0,6.0,5.0,2.0,2020-09-15,737683
Opinium,42.0,39.0,6.0,4.0,0.0,2020-09-13,737681
Ipsos,40.0,37.0,8.0,5.0,0.0,2020-09-22,737690
R+W,41.0,39.0,8.0,5.0,,2020-09-17,737685
Survation,40.0,38.0,7.0,4.0,1.0,2020-09-22,737690
YouGov,40.0,40.0,6.0,5.0,3.0,2020-09-19,737687
Kantar,40.0,38.0,9.0,4.0,3.0,2020-09-23,737691
Savanta ComRes,40.0,37.0,8.0,3.0,3.0,2020-09-22,737690
R+W,40.0,40.0,7.0,5.0,,2020-09-24,737692
YouGov,41.0,38.0,6.0,5.0,3.0,2020-09-28,737696
Opinium,39.0,42.0,5.0,4.0,,2020-09-27,737695
Deltapoll,42.0,38.0,6.0,4.0,3.0,2020-09-27,737695
Savanta ComRes,41.0,38.0,8.0,3.0,2.0,2020-09-30,737698
YouGov,39.0,39.0,6.0,5.0,4.0,2020-09-01,737669
R+W,39.0,39.0,8.0,5.0,,2020-09-03,737671
Savanta ComRes,42.0,39.0,7.0,3.0,2.0,2020-10-06,737704
Survation,41.0,37.0,7.0,4.0,1.0,2020-10-12,737710
YouGov,41.0,38.0,5.0,6.0,3.0,2020-10-09,737707
R+W,41.0,39.0,8.0,4.0,,2020-10-09,737707
Opinium,40.0,40.0,6.0,3.0,,2020-10-11,737709
Savanta ComRes,39.0,39.0,7.0,4.0,3.0,2020-10-14,737712
NCP,41.0,38.0,5.0,6.0,4.0,2020-10-21,737719
YouGov,39.0,38.0,6.0,6.0,5.0,2020-10-16,737714
Savanta ComRes,42.0,36.0,8.0,3.0,2.0,2020-10-21,737719
R+W,40.0,40.0,7.0,4.0,,2020-10-21,737719
YouGov,40.0,39.0,7.0,5.0,3.0,2020-10-26,737724
Opinium,38.0,40.0,6.0,5.0,,2020-10-25,737723
Deltapoll,42.0,39.0,7.0,3.0,3.0,2020-10-25,737723
Ipsos,37.0,42.0,8.0,5.0,1.0,2020-10-30,737728
Savanta ComRes,42.0,39.0,7.0,3.0,2.0,2020-10-28,737726
R+W,39.0,41.0,7.0,4.0,,2020-10-30,737728
Savanta ComRes,40.0,40.0,7.0,4.0,2.0,2020-10-03,737701
YouGov,35.0,40.0,7.0,4.0,6.0,2020-11-06,737735
Survation,39.0,37.0,9.0,4.0,2.0,2020-11-06,737735
Opinium,38.0,42.0,7.0,3.0,,2020-11-08,737737
Kantar,40.0,36.0,8.0,5.0,3.0,2020-11-11,737740
Savanta ComRes,40.0,36.0,8.0,5.0,2.0,2020-11-11,737740
R+W,40.0,40.0,7.0,5.0,,2020-11-12,737741
YouGov,38.0,40.0,5.0,5.0,4.0,2020-11-16,737745
Savanta ComRes,41.0,38.0,5.0,4.0,2.0,2020-11-19,737748
YouGov,38.0,37.0,7.0,6.0,4.0,2020-11-23,737752
R+W,40.0,39.0,8.0,4.0,,2020-11-20,737749
Opinium,41.0,38.0,6.0,4.0,,2020-11-22,737751
Savanta ComRes,39.0,37.0,7.0,4.0,3.0,2020-11-25,737754
NCP,39.0,37.0,7.0,5.0,4.0,2020-11-28,737757
YouGov,37.0,40.0,5.0,5.0,5.0,2020-11-28,737757
Deltapoll,37.0,38.0,9.0,4.0,3.0,2020-11-29,737758
Opinium,40.0,38.0,6.0,4.0,0.0,2020-11-13,737742
Savanta ComRes,39.0,38.0,8.0,3.0,2.0,2020-11-02,737731
R+W,40.0,37.0,9.0,6.0,,2020-12-04,737763
YouGov,38.0,38.0,6.0,5.0,3.0,2020-12-09,737768
Opinium,38.0,40.0,6.0,3.0,0.0,2020-12-06,737765
Survation,39.0,37.0,8.0,5.0,1.0,2020-12-11,737770
Ipsos,41.0,41.0,6.0,5.0,0.0,2020-12-14,737773
Focaldata,36.0,38.0,9.0,7.0,4.0,2020-12-02,737761
YouGov,37.0,37.0,8.0,6.0,5.0,2020-12-11,737770
Kantar,38.0,37.0,10.0,5.0,3.0,2020-12-20,737779
Savanta ComRes,38.0,37.0,8.0,5.0,4.0,2020-12-17,737776
YouGov,39.0,37.0,6.0,6.0,4.0,2020-12-22,737781
Opinium,39.0,39.0,6.0,4.0,0.0,2020-12-20,737779
Savanta ComRes,41.0,39.0,8.0,4.0,2.0,2020-12-01,737760
YouGov,37.0,41.0,5.0,5.0,4.0,2020-12-23,737782
Survation,39.0,38.0,8.0,4.0,1.0,2020-12-24,737783
Deltapoll,43.0,38.0,4.0,5.0,3.0,2020-12-04,737763
Opinium,39.0,40.0,6.0,4.0,0.0,2021-01-10,737800
YouGov,39.0,39.0,6.0,6.0,3.0,2021-01-09,737799
Savanta ComRes,40.0,37.0,8.0,4.0,2.0,2021-01-12,737802
R+W,41.0,37.0,8.0,5.0,2.0,2021-01-12,737802
Survation,40.0,38.0,7.0,5.0,0.0,2021-01-17,737807
YouGov,38.0,39.0,5.0,6.0,3.0,2021-01-19,737809
Opinium,37.0,41.0,6.0,4.0,,2021-01-17,737807
Savanta ComRes,39.0,37.0,7.0,3.0,2.0,2021-01-22,737812
R+W,40.0,38.0,8.0,5.0,2.0,2021-01-19,737809
YouGov,39.0,38.0,5.0,6.0,4.0,2021-01-23,737813
Deltapoll,41.0,39.0,7.0,3.0,2.0,2021-01-25,737815
Kantar,40.0,37.0,10.0,5.0,2.0,2021-01-29,737819
Savanta ComRes,40.0,37.0,8.0,3.0,2.0,2021-01-29,737819
R+W,42.0,37.0,8.0,4.0,3.0,2021-01-25,737815
NCP,43.0,37.0,5.0,5.0,3.0,2021-01-03,737793
YouGov,37.0,41.0,6.0,4.0,3.0,2021-01-28,737818
Opinium,41.0,38.0,7.0,4.0,1.0,2021-01-31,737821
Savanta ComRes,41.0,38.0,6.0,3.0,2.0,2021-01-03,737793
Ipsos,42.0,38.0,7.0,8.0,0.0,2021-01-08,737798
R+W,40.0,38.0,8.0,4.0,3.0,2021-02-02,737823
YouGov,41.0,37.0,6.0,6.0,3.0,2021-02-08,737829
Survation,39.0,33.0,9.0,7.0,,2021-02-12,737833
Savanta ComRes,41.0,37.0,8.0,4.0,2.0,2021-02-11,737832
R+W,43.0,38.0,7.0,4.0,2.0,2021-02-09,737830
YouGov,41.0,36.0,6.0,7.0,3.0,2021-02-11,737832
Opinium,42.0,37.0,6.0,5.0,0.0,2021-02-14,737835
Savanta ComRes,42.0,37.0,7.0,3.0,2.0,2021-02-18,737839
R+W,41.0,39.0,8.0,5.0,2.0,2021-02-15,737836
YouGov,40.0,37.0,7.0,6.0,3.0,2021-02-22,737843
Kantar,40.0,33.0,11.0,6.0,3.0,2021-02-25,737846
Savanta ComRes,40.0,38.0,7.0,3.0,3.0,2021-02-24,737845
R+W,43.0,37.0,7.0,5.0,3.0,2021-02-23,737844
Survation,42.0,34.0,7.0,6.0,1.0,2021-02-01,737822
Opinium,43.0,36.0,7.0,4.0,1.0,2021-02-27,737848
Deltapoll,42.0,38.0,6.0,4.0,3.0,2021-02-27,737848
YouGov,41.0,36.0,5.0,7.0,3.0,2021-02-26,737847
Savanta ComRes,43.0,36.0,7.0,3.0,3.0,2021-02-02,737823
R+W,44.0,38.0,7.0,3.0,2.0,2021-03-02,737851
YouGov,45.0,32.0,6.0,7.0,3.0,2021-03-04,737853
Savanta ComRes,42.0,36.0,8.0,4.0,3.0,2021-03-10,737859
Ipsos,45.0,38.0,6.0,5.0,1.0,2021-03-15,737864
R+W,45.0,36.0,7.0,4.0,3.0,2021-03-09,737858
Survation,43.0,33.0,9.0,5.0,1.0,2021-03-14,737863
YouGov,42.0,33.0,7.0,6.0,3.0,2021-03-17,737866
Opinium,43.0,37.0,6.0,4.0,0.0,2021-03-14,737863
Savanta ComRes,39.0,37.0,8.0,4.0,3.0,2021-03-17,737866
NCP,42.0,37.0,7.0,5.0,2.0,2021-03-20,737869
R+W,43.0,36.0,7.0,5.0,3.0,2021-03-16,737865
BMG,39.0,37.0,9.0,6.0,3.0,2021-03-23,737872
YouGov,43.0,34.0,5.0,7.0,3.0,2021-03-24,737873
Savanta ComRes,42.0,38.0,6.0,3.0,2.0,2021-03-26,737875
R+W,42.0,36.0,9.0,6.0,2.0,2021-03-22,737871
Opinium,41.0,37.0,6.0,5.0,1.0,2021-03-28,737877
YouGov,42.0,32.0,8.0,7.0,3.0,2021-03-30,737879
Deltapoll,44.0,36.0,6.0,4.0,3.0,2021-03-28,737877
Kantar,42.0,34.0,9.0,4.0,2.0,2021-03-01,737850
R+W,44.0,36.0,7.0,4.0,2.0,2021-03-29,737878
YouGov,42.0,34.0,7.0,6.0,3.0,2021-03-07,737856
Savanta ComRes,42.0,35.0,8.0,3.0,2.0,2021-04-06,737886
R+W,44.0,34.0,9.0,5.0,2.0,2021-04-05,737885
YouGov,41.0,34.0,6.0,6.0,3.0,2021-04-12,737892
Opinium,45.0,36.0,6.0,4.0,0.0,2021-04-11,737891
Deltapoll,45.0,36.0,6.0,4.0,4.0,2021-04-11,737891
Survation,43.0,35.0,8.0,4.0,,2021-04-16,737896
Savanta ComRes,42.0,35.0,7.0,4.0,2.0,2021-04-14,737894
R+W,43.0,36.0,7.0,5.0,3.0,2021-04-12,737892
YouGov,43.0,29.0,8.0,8.0,3.0,2021-04-16,737896
Survation,40.0,34.0,9.0,7.0,,2021-04-22,737902
Savanta ComRes,43.0,34.0,7.0,4.0,1.0,2021-04-20,737900
Ipsos,40.0,37.0,8.0,5.0,2.0,2021-04-26,737906
R+W,44.0,34.0,10.0,4.0,3.0,2021-04-19,737899
YouGov,44.0,34.0,5.0,7.0,2.0,2021-04-23,737903
Opinium,44.0,33.0,7.0,5.0,0.0,2021-04-25,737905
Kantar,41.0,33.0,10.0,7.0,3.0,2021-04-28,737908
Savanta ComRes,42.0,35.0,8.0,3.0,2.0,2021-04-28,737908
R+W,44.0,34.0,8.0,4.0,3.0,2021-04-26,737906
YouGov,44.0,33.0,7.0,7.0,3.0,2021-04-29,737909
Survation,39.0,38.0,9.0,6.0,,2021-04-01,737881
NCP,43.0,34.0,5.0,7.0,2.0,2021-04-29,737909
Opinium,42.0,37.0,7.0,4.0,0.0,2021-04-02,737882
Focaldata,40.0,39.0,6.0,4.0,3.0,2021-04-01,737881
Savanta ComRes,40.0,36.0,8.0,4.0,2.0,2021-04-04,737884
R+W,40.0,38.0,7.0,5.0,3.0,2021-05-03,737913
Panelbase,45.0,36.0,6.0,5.0,,2021-05-05,737915
YouGov,43.0,33.0,7.0,6.0,3.0,2021-05-06,737916
Savanta ComRes,42.0,34.0,8.0,4.0,2.0,2021-05-11,737921
R+W,45.0,34.0,8.0,5.0,2.0,2021-05-10,737920
YouGov,45.0,30.0,7.0,8.0,2.0,2021-05-14,737924
Opinium,44.0,31.0,8.0,7.0,0.0,2021-05-16,737926
Find Out Now / Electoral Calculus,43.0,30.0,11.0,9.0,2.0,2021-05-16,737926
Savanta ComRes,43.0,32.0,8.0,5.0,2.0,2021-05-17,737927
R+W,42.0,33.0,10.0,6.0,2.0,2021-05-17,737927
YouGov,46.0,28.0,8.0,8.0,2.0,2021-05-21,737931
Savanta ComRes,43.0,34.0,9.0,4.0,2.0,2021-05-27,737937
R+W,43.0,33.0,10.0,5.0,3.0,2021-05-24,737934
Survation,44.0,33.0,8.0,6.0,,2021-05-27,737937
NCP,44.0,32.0,7.0,8.0,2.0,2021-05-28,737938
Survation,43.0,33.0,10.0,5.0,,2021-05-29,737939
YouGov,43.0,29.0,8.0,8.0,3.0,2021-05-29,737939
Opinium,42.0,36.0,6.0,5.0,1.0,2021-05-30,737940
Savanta ComRes,42.0,32.0,9.0,5.0,2.0,2021-05-03,737913
Ipsos,44.0,35.0,6.0,7.0,0.0,2021-05-07,737917
R+W,45.0,34.0,8.0,5.0,3.0,2021-05-31,737941
Survation,41.0,33.0,9.0,6.0,,2021-06-04,737945
YouGov,46.0,30.0,6.0,9.0,2.0,2021-06-04,737945
Kantar,45.0,32.0,8.0,6.0,2.0,2021-06-10,737951
Savanta ComRes,44.0,32.0,8.0,5.0,2.0,2021-06-09,737950
R+W,43.0,36.0,7.0,5.0,1.0,2021-06-07,737948
NCP,45.0,34.0,5.0,7.0,3.0,2021-06-17,737958
YouGov,44.0,31.0,7.0,9.0,2.0,2021-06-11,737952
Survation,42.0,35.0,9.0,5.0,,2021-06-15,737956
Opinium,43.0,34.0,6.0,7.0,,2021-06-13,737954
Savanta ComRes,41.0,34.0,8.0,6.0,2.0,2021-06-16,737957
Survation,41.0,33.0,8.0,7.0,,2021-06-23,737964
R+W,44.0,34.0,9.0,5.0,2.0,2021-06-14,737955
YouGov,45.0,31.0,6.0,7.0,4.0,2021-06-21,737962
Deltapoll,41.0,35.0,10.0,5.0,2.0,2021-06-22,737963
Savanta ComRes,44.0,30.0,10.0,5.0,1.0,2021-06-22,737963
R+W,44.0,33.0,10.0,4.0,3.0,2021-06-21,737962
YouGov,42.0,30.0,9.0,7.0,4.0,2021-06-25,737966
Opinium,43.0,35.0,7.0,5.0,,2021-06-27,737968
Survation,41.0,35.0,10.0,5.0,,2021-06-01,737942
Savanta ComRes,42.0,33.0,9.0,5.0,2.0,2021-06-29,737970
R+W,41.0,34.0,9.0,5.0,3.0,2021-06-28,737969
YouGov,42.0,31.0,10.0,6.0,3.0,2021-06-05,737946
Savanta ComRes,41.0,35.0,8.0,4.0,3.0,2021-07-06,737977
Ipsos,40.0,31.0,13.0,6.0,0.0,2021-07-14,737985
R+W,43.0,34.0,8.0,6.0,4.0,2021-07-05,737976
Survation,43.0,32.0,9.0,6.0,,2021-07-13,737984
YouGov,42.0,30.0,9.0,7.0,2.0,2021-07-13,737984
Kantar,44.0,31.0,12.0,4.0,1.0,2021-07-15,737986
Opinium,43.0,35.0,6.0,6.0,,2021-07-11,737982
Savanta ComRes,40.0,35.0,9.0,6.0,2.0,2021-07-14,737985
R+W,41.0,33.0,12.0,6.0,3.0,2021-07-12,737983
YouGov,44.0,31.0,8.0,6.0,3.0,2021-07-19,737990
Savanta ComRes,41.0,34.0,8.0,5.0,2.0,2021-07-22,737993
R+W,42.0,33.0,10.0,5.0,3.0,2021-07-19,737990
Survation,39.0,35.0,11.0,5.0,,2021-07-20,737991
YouGov,38.0,34.0,9.0,8.0,3.0,2021-07-24,737995
Opinium,43.0,35.0,8.0,5.0,,2021-07-25,737996
Survation,39.0,37.0,10.0,5.0,,2021-07-26,737997
Savanta ComRes,40.0,34.0,10.0,4.0,2.0,2021-07-28,737999
Deltapoll,42.0,37.0,6.0,6.0,2.0,2021-07-26,737997
R+W,40.0,36.0,9.0,6.0,4.0,2021-07-26,737997
YouGov,39.0,34.0,8.0,9.0,3.0,2021-07-30,738001
Savanta ComRes,40.0,34.0,10.0,6.0,1.0,2021-07-03,737974
Ipsos,41.0,30.0,13.0,8.0,0.0,2021-07-12,737983
R+W,41.0,34.0,11.0,6.0,3.0,2021-08-02,738004
Opinium,42.0,35.0,7.0,5.0,,2021-08-08,738010
YouGov,41.0,33.0,8.0,7.0,3.0,2021-08-11,738013
Savanta ComRes,41.0,33.0,10.0,4.0,2.0,2021-08-12,738014
R+W,40.0,37.0,9.0,6.0,3.0,2021-08-09,738011
YouGov,40.0,32.0,9.0,7.0,2.0,2021-08-13,738015
Savanta ComRes,41.0,34.0,9.0,4.0,2.0,2021-08-19,738021
R+W,40.0,36.0,10.0,5.0,3.0,2021-08-16,738018
YouGov,40.0,32.0,9.0,8.0,3.0,2021-08-20,738022
Opinium,39.0,36.0,8.0,6.0,,2021-08-22,738024
Kantar,37.0,34.0,14.0,5.0,2.0,2021-08-26,738028
Opinium,39.0,35.0,9.0,6.0,,2021-09-02,738035
Savanta ComRes,41.0,34.0,9.0,4.0,2.0,2021-08-26,738028
R+W,43.0,33.0,10.0,6.0,3.0,2021-08-23,738025
YouGov,39.0,31.0,8.0,9.0,4.0,2021-08-02,738004
Savanta ComRes,40.0,34.0,10.0,5.0,2.0,2021-08-02,738004
R+W,41.0,33.0,9.0,5.0,4.0,2021-08-30,738032
Opinium,40.0,35.0,7.0,6.0,,2021-09-05,738038
Deltapoll,41.0,33.0,9.0,7.0,3.0,2021-09-05,738038
YouGov,38.0,34.0,8.0,10.0,3.0,2021-09-06,738039
YouGov,38.0,33.0,9.0,8.0,4.0,2021-10-01,738064
Savanta ComRes,40.0,36.0,9.0,4.0,3.0,2021-09-10,738043
R+W,41.0,32.0,11.0,6.0,4.0,2021-09-06,738039
Find Out Now / Electoral Calculus,37.0,33.0,12.0,8.0,4.0,2021-09-11,738044
YouGov,33.0,35.0,10.0,9.0,5.0,2021-09-10,738043
Opinium,38.0,38.0,8.0,6.0,,2021-09-12,738045
Panelbase,41.0,36.0,10.0,5.0,,2021-09-17,738050
Savanta ComRes,39.0,35.0,9.0,6.0,3.0,2021-09-15,738048
Survation,40.0,36.0,9.0,5.0,,2021-09-17,738050
R+W,39.0,35.0,9.0,6.0,5.0,2021-09-13,738046
YouGov,39.0,35.0,7.0,7.0,3.0,2021-09-17,738050
Opinium,40.0,37.0,7.0,6.0,,2021-09-19,738052
Savanta ComRes,40.0,35.0,9.0,5.0,2.0,2021-09-22,738055
Ipsos,39.0,36.0,9.0,6.0,0.0,2021-09-27,738060
R+W,41.0,35.0,8.0,7.0,3.0,2021-09-20,738053
Survation,40.0,35.0,8.0,4.0,,2021-09-22,738055
YouGov,39.0,32.0,10.0,9.0,3.0,2021-09-24,738057
Kantar,43.0,30.0,11.0,6.0,1.0,2021-09-30,738063
R+W,41.0,35.0,10.0,5.0,3.0,2021-09-29,738062
YouGov,39.0,31.0,8.0,9.0,4.0,2021-09-30,738063
Survation,41.0,36.0,8.0,5.0,,2021-09-30,738063
Opinium,39.0,35.0,8.0,6.0,,2021-09-02,738035
Savanta ComRes,40.0,35.0,9.0,4.0,3.0,2021-10-06,738069
R+W,40.0,37.0,10.0,4.0,3.0,2021-10-04,738067
YouGov,39.0,31.0,9.0,9.0,4.0,2021-10-07,738070
Survation,39.0,35.0,9.0,5.0,,2021-10-11,738074
Savanta ComRes,40.0,35.0,8.0,5.0,2.0,2021-10-14,738077
R+W,40.0,36.0,9.0,6.0,4.0,2021-10-11,738074
NCP,40.0,32.0,6.0,9.0,3.0,2021-10-18,738081
YouGov,41.0,31.0,9.0,8.0,4.0,2021-10-14,738077
Opinium,41.0,37.0,7.0,5.0,,2021-10-17,738080
Deltapoll,38.0,37.0,9.0,6.0,2.0,2021-10-17,738080
Kantar,39.0,34.0,8.0,8.0,2.0,2021-10-21,738084
Savanta ComRes,40.0,35.0,8.0,5.0,3.0,2021-10-21,738084
R+W,40.0,37.0,9.0,5.0,3.0,2021-10-18,738081
YouGov,37.0,33.0,9.0,10.0,4.0,2021-10-22,738085
Savanta ComRes,37.0,35.0,8.0,7.0,4.0,2021-10-27,738090
R+W,39.0,36.0,10.0,6.0,4.0,2021-10-25,738088
YouGov,39.0,33.0,8.0,10.0,3.0,2021-10-29,738092
Opinium,40.0,35.0,8.0,7.0,,2021-10-30,738093
Savanta ComRes,40.0,35.0,9.0,4.0,3.0,2021-10-04,738067
Ipsos,35.0,36.0,9.0,11.0,0.0,2021-10-08,738071
R+W,40.0,35.0,10.0,6.0,3.0,2021-11-01,738095
YouGov,36.0,35.0,8.0,9.0,5.0,2021-11-05,738099
Deltapoll,40.0,37.0,8.0,6.0,2.0,2021-11-07,738101
Opinium,37.0,36.0,9.0,6.0,,2021-11-07,738101
Savanta ComRes,38.0,35.0,10.0,4.0,3.0,2021-11-09,738103
Find Out Now / Electoral Calculus,36.0,35.0,11.0,8.0,2.0,2021-11-27,738121
R+W,37.0,36.0,10.0,6.0,5.0,2021-11-08,738102
R+W,36.0,38.0,10.0,6.0,3.0,2021-11-11,738105
YouGov,35.0,35.0,8.0,10.0,4.0,2021-11-12,738106
Opinium,36.0,37.0,9.0,7.0,,2021-11-14,738108
Panelbase,38.0,39.0,9.0,6.0,,2021-11-19,738113
Savanta ComRes,34.0,40.0,10.0,5.0,3.0,2021-11-13,738107
Survation,37.0,37.0,10.0,4.0,2.0,2021-11-17,738111
R+W,36.0,37.0,10.0,5.0,4.0,2021-11-15,738109
YouGov,36.0,34.0,7.0,10.0,5.0,2021-11-19,738113
Kantar,39.0,36.0,10.0,5.0,2.0,2021-11-25,738119
Savanta ComRes,36.0,38.0,10.0,5.0,3.0,2021-11-24,738118
R+W,37.0,37.0,9.0,6.0,4.0,2021-11-22,738116
YouGov,36.0,35.0,7.0,8.0,6.0,2021-11-26,738120
Opinium,36.0,38.0,8.0,6.0,,2021-11-28,738122
Savanta ComRes,37.0,37.0,8.0,5.0,4.0,2021-11-30,738124
R+W,38.0,36.0,10.0,6.0,4.0,2021-11-29,738123
Find Out Now / Electoral Calculus,36.0,35.0,11.0,8.0,3.0,2021-11-06,738100
Survation,36.0,39.0,9.0,3.0,3.0,2021-11-07,738101
YouGov,36.0,33.0,9.0,9.0,6.0,2021-12-03,738127
Focaldata,32.0,40.0,10.0,7.0,,2021-12-25,738149
Deltapoll,37.0,38.0,10.0,5.0,2.0,2021-12-05,738129
Savanta ComRes,38.0,37.0,9.0,5.0,2.0,2021-12-07,738131
Ipsos,34.0,39.0,11.0,7.0,1.0,2021-12-13,738137
R+W,38.0,36.0,9.0,6.0,4.0,2021-12-06,738130
R+W,34.0,38.0,11.0,6.0,5.0,2021-12-08,738132
YouGov,33.0,37.0,9.0,7.0,6.0,2021-12-09,738133
Survation,34.0,40.0,10.0,4.0,3.0,2021-12-10,738134
Opinium,32.0,41.0,9.0,5.0,,2021-12-12,738136
Focaldata,33.0,41.0,7.0,6.0,6.0,2021-12-10,738134
Savanta ComRes,33.0,39.0,9.0,4.0,4.0,2021-12-11,738135
YouGov,32.0,40.0,8.0,7.0,7.0,2021-12-11,738135
Kantar,34.0,38.0,11.0,7.0,3.0,2021-12-16,738140
Survation,32.0,39.0,9.0,5.0,4.0,2021-12-13,738137
R+W,32.0,37.0,11.0,7.0,7.0,2021-12-13,738137
Survation,35.0,41.0,9.0,5.0,,2021-12-27,738151
YouGov,32.0,37.0,10.0,7.0,6.0,2021-12-16,738140
Find Out Now / Electoral Calculus,30.0,38.0,10.0,10.0,7.0,2021-12-17,738141
Savanta ComRes,34.0,38.0,10.0,4.0,4.0,2021-12-17,738141
Savanta ComRes,32.0,37.0,13.0,5.0,4.0,2021-12-22,738146
YouGov,30.0,36.0,12.0,8.0,5.0,2021-12-22,738146
R+W,31.0,39.0,13.0,6.0,5.0,2021-12-20,738144
Focaldata,34.0,41.0,9.0,4.0,3.0,2021-12-22,738146
Opinium,32.0,39.0,11.0,6.0,,2021-12-26,738150
Deltapoll,35.0,40.0,10.0,4.0,3.0,2021-12-02,738126
R+W,35.0,38.0,10.0,5.0,4.0,2022-01-03,738158
Opinium,34.0,39.0,11.0,5.0,,2022-01-09,738164
YouGov,33.0,37.0,10.0,6.0,5.0,2022-01-10,738165
Savanta ComRes,33.0,37.0,11.0,5.0,4.0,2022-01-11,738166
R+W,35.0,39.0,12.0,5.0,4.0,2022-01-10,738165
YouGov,28.0,38.0,13.0,7.0,4.0,2022-01-13,738168
JL Partners,31.0,45.0,11.0,8.0,,2022-02-02,738188
Focaldata,33.0,42.0,11.0,4.0,3.0,2022-01-13,738168
YouGov,29.0,40.0,11.0,6.0,6.0,2022-01-14,738169
Opinium,31.0,41.0,9.0,6.0,,2022-01-16,738171
Deltapoll,32.0,41.0,11.0,5.0,2.0,2022-01-17,738172
Find Out Now / Electoral Calculus,27.0,41.0,11.0,8.0,5.0,2022-01-14,738169
Savanta ComRes,32.0,42.0,11.0,4.0,2.0,2022-01-14,738169
YouGov,31.0,39.0,11.0,6.0,5.0,2022-01-18,738173
Savanta ComRes,32.0,41.0,11.0,4.0,3.0,2022-01-19,738174
Survation,33.0,43.0,10.0,3.0,2.0,2022-01-21,738176
R+W,30.0,43.0,9.0,7.0,4.0,2022-01-17,738172
Ipsos,31.0,40.0,13.0,9.0,0.0,2022-01-27,738182
YouGov,32.0,39.0,8.0,8.0,4.0,2022-01-24,738179
Kantar,34.0,38.0,11.0,7.0,2.0,2022-01-27,738182
Savanta ComRes,32.0,40.0,11.0,4.0,3.0,2022-01-25,738180
R+W,34.0,41.0,11.0,5.0,3.0,2022-01-24,738179
Survation,35.0,40.0,10.0,3.0,3.0,2022-01-27,738182
Deltapoll,32.0,42.0,10.0,6.0,1.0,2022-01-30,738185
YouGov,32.0,38.0,11.0,7.0,3.0,2022-01-28,738183
Opinium,34.0,39.0,9.0,5.0,,2022-01-30,738185
Techne,31.0,38.0,12.0,6.0,,2022-02-04,738190
Savanta ComRes,33.0,44.0,9.0,3.0,3.0,2022-01-01,738156
R+W,33.0,40.0,11.0,6.0,3.0,2022-01-31,738186
YouGov,32.0,41.0,10.0,6.0,4.0,2022-02-07,738193
Techne,32.0,40.0,10.0,6.0,,2022-02-04,738190
Deltapoll,34.0,41.0,10.0,5.0,2.0,2022-02-06,738192
Savanta ComRes,33.0,42.0,9.0,5.0,3.0,2022-02-09,738195
R+W,32.0,42.0,9.0,6.0,4.0,2022-02-07,738193
Techne,33.0,41.0,9.0,6.0,,2022-02-11,738197
Opinium,32.0,42.0,9.0,5.0,,2022-02-13,738199
Opinium,34.0,37.0,11.0,6.0,,2022-02-13,738199
YouGov,34.0,37.0,10.0,8.0,4.0,2022-02-14,738200
Savanta ComRes,32.0,41.0,11.0,4.0,3.0,2022-02-16,738202
R+W,33.0,38.0,11.0,6.0,5.0,2022-02-14,738200
Find Out Now / Electoral Calculus,32.0,38.0,13.0,7.0,3.0,2022-02-24,738210
Techne,34.0,39.0,10.0,6.0,,2022-02-18,738204
YouGov,34.0,38.0,10.0,6.0,4.0,2022-02-18,738204
Survation,35.0,42.0,9.0,3.0,2.0,2022-02-23,738209
Kantar,34.0,39.0,12.0,6.0,2.0,2022-02-24,738210
Savanta ComRes,33.0,40.0,11.0,5.0,3.0,2022-02-24,738210
R+W,33.0,39.0,11.0,7.0,4.0,2022-02-21,738207
NCP,35.0,42.0,8.0,6.0,2.0,2022-02-01,738187
Techne,35.0,39.0,9.0,6.0,,2022-02-25,738211
Opinium,34.0,38.0,11.0,6.0,,2022-02-27,738213
YouGov,34.0,39.0,9.0,6.0,5.0,2022-02-28,738214
Savanta ComRes,34.0,42.0,9.0,3.0,3.0,2022-02-03,738189
R+W,35.0,38.0,12.0,5.0,4.0,2022-02-28,738214
Techne,35.0,38.0,10.0,6.0,,2022-03-04,738218
YouGov,35.0,37.0,7.0,8.0,5.0,2022-03-08,738222
Savanta ComRes,34.0,41.0,9.0,4.0,3.0,2022-03-09,738223
Survation,37.0,40.0,9.0,5.0,,2022-03-24,738238
R+W,37.0,40.0,10.0,5.0,2.0,2022-03-07,738221
YouGov,33.0,39.0,10.0,7.0,4.0,2022-03-10,738224
Deltapoll,34.0,40.0,10.0,5.0,2.0,2022-03-11,738225
Techne,36.0,38.0,9.0,6.0,,2022-03-11,738225
Opinium,35.0,37.0,9.0,7.0,,2022-03-12,738226
Ipsos,35.0,39.0,10.0,7.0,1.0,2022-03-18,738232
Savanta ComRes,35.0,40.0,9.0,3.0,3.0,2022-03-18,738232
R+W,36.0,39.0,10.0,6.0,4.0,2022-03-14,738228
YouGov,33.0,39.0,10.0,7.0,4.0,2022-03-18,738232
Techne,35.0,39.0,10.0,6.0,,2022-03-18,738232
Kantar,36.0,36.0,12.0,6.0,3.0,2022-03-24,738238
Savanta ComRes,35.0,39.0,10.0,4.0,3.0,2022-03-23,738237
R+W,35.0,40.0,11.0,7.0,2.0,2022-03-21,738235
YouGov,35.0,36.0,9.0,8.0,5.0,2022-03-25,738239
Techne,35.0,40.0,10.0,5.0,,2022-03-25,738239
YouGov,35.0,37.0,10.0,7.0,4.0,2022-03-25,738239
Opinium,36.0,38.0,9.0,7.0,,2022-03-27,738241
Savanta ComRes,35.0,39.0,11.0,3.0,3.0,2022-03-29,738243
R+W,35.0,37.0,9.0,5.0,5.0,2022-03-28,738242
Survation,35.0,42.0,9.0,3.0,2.0,2022-03-31,738245
YouGov,33.0,37.0,9.0,6.0,5.0,2022-03-01,738215
Techne,36.0,39.0,9.0,5.0,,2022-03-01,738215
Savanta ComRes,33.0,40.0,11.0,4.0,3.0,2022-04-05,738250
R+W,36.0,42.0,9.0,4.0,3.0,2022-04-04,738249
Techne,35.0,40.0,10.0,4.0,,2022-04-08,738253
YouGov,34.0,37.0,10.0,7.0,4.0,2022-04-12,738257
Opinium,34.0,38.0,10.0,7.0,,2022-04-10,738255
Focaldata,34.0,43.0,9.0,5.0,4.0,2022-05-01,738276
Kantar,34.0,37.0,11.0,7.0,4.0,2022-04-14,738259
Savanta ComRes,34.0,40.0,9.0,4.0,3.0,2022-04-13,738258
R+W,34.0,42.0,8.0,5.0,4.0,2022-04-11,738256
Techne,34.0,41.0,9.0,5.0,,2022-04-15,738260
YouGov,33.0,38.0,10.0,7.0,5.0,2022-04-16,738261
Deltapoll,32.0,43.0,9.0,6.0,2.0,2022-04-17,738262
Opinium,35.0,37.0,10.0,7.0,,2022-05-01,738276
R+W,34.0,42.0,10.0,5.0,3.0,2022-04-18,738263
YouGov,33.0,39.0,9.0,8.0,3.0,2022-04-22,738267
Techne,34.0,40.0,10.0,5.0,,2022-04-22,738267
Opinium,34.0,36.0,10.0,8.0,,2022-04-24,738269
Ipsos,35.0,40.0,10.0,7.0,0.0,2022-04-29,738274
Savanta ComRes,34.0,40.0,11.0,3.0,3.0,2022-04-30,738275
Survation,33.0,42.0,9.0,4.0,2.0,2022-04-29,738274
R+W,34.0,42.0,11.0,4.0,4.0,2022-04-25,738270
YouGov,33.0,39.0,11.0,6.0,3.0,2022-04-28,738273
Techne,35.0,40.0,9.0,6.0,,2022-04-29,738274
Savanta ComRes,35.0,41.0,9.0,4.0,3.0,2022-04-04,738249
R+W,33.0,41.0,12.0,5.0,3.0,2022-05-02,738277
Techne,34.0,40.0,10.0,5.0,,2022-05-06,738281
YouGov,35.0,36.0,10.0,8.0,4.0,2022-05-10,738285
Savanta ComRes,34.0,39.0,11.0,3.0,3.0,2022-05-10,738285
R+W,33.0,39.0,12.0,7.0,2.0,2022-05-09,738284
Find Out Now / Electoral Calculus,34.0,44.0,8.0,2.0,4.0,2022-05-23,738298
YouGov,33.0,38.0,12.0,6.0,3.0,2022-05-13,738288
Techne,34.0,39.0,11.0,6.0,,2022-05-13,738288
Opinium,34.0,37.0,12.0,7.0,,2022-05-15,738290
Ipsos,33.0,39.0,12.0,5.0,1.0,2022-05-19,738294
Savanta ComRes,34.0,41.0,10.0,4.0,2.0,2022-05-19,738294
R+W,35.0,39.0,12.0,6.0,3.0,2022-05-16,738291
R+W,33.0,39.0,12.0,4.0,5.0,2022-05-19,738294
YouGov,31.0,39.0,12.0,7.0,4.0,2022-05-20,738295
Techne,35.0,39.0,10.0,6.0,,2022-05-20,738295
Savanta ComRes,34.0,40.0,10.0,4.0,2.0,2022-05-20,738295
Kantar,32.0,38.0,13.0,8.0,3.0,2022-05-26,738301
Savanta ComRes,34.0,40.0,10.0,5.0,2.0,2022-05-25,738300
R+W,33.0,39.0,12.0,5.0,4.0,2022-05-23,738298
YouGov,31.0,39.0,12.0,7.0,4.0,2022-05-01,738276
R+W,31.0,40.0,14.0,5.0,3.0,2022-05-26,738301
Techne,33.0,40.0,11.0,6.0,,2022-05-27,738302
Opinium,33.0,36.0,11.0,8.0,,2022-05-29,738304
Savanta ComRes,31.0,42.0,11.0,3.0,3.0,2022-05-31,738306
R+W,36.0,43.0,10.0,5.0,2.0,2022-05-30,738305
Techne,32.0,40.0,12.0,6.0,,2022-05-03,738278
R+W,33.0,39.0,12.0,6.0,4.0,2022-06-02,738308
YouGov,32.0,36.0,12.0,8.0,4.0,2022-06-10,738316
R+W,34.0,38.0,11.0,7.0,4.0,2022-06-06,738312
R+W,32.0,40.0,13.0,5.0,4.0,2022-06-09,738315
Techne,33.0,39.0,12.0,6.0,,2022-06-10,738316
YouGov,32.0,39.0,11.0,7.0,3.0,2022-06-01,738307
Opinium,34.0,36.0,13.0,6.0,,2022-06-12,738318
Survation,34.0,41.0,10.0,3.0,2.0,2022-06-17,738323
Savanta ComRes,34.0,40.0,10.0,4.0,2.0,2022-06-15,738321
R+W,32.0,39.0,15.0,6.0,2.0,2022-06-13,738319
R+W,34.0,42.0,12.0,4.0,3.0,2022-06-16,738322
Techne,33.0,39.0,13.0,5.0,,2022-06-17,738323
YouGov,33.0,39.0,10.0,6.0,4.0,2022-06-17,738323
Kantar,34.0,36.0,13.0,5.0,4.0,2022-06-23,738329
Savanta ComRes,31.0,42.0,10.0,5.0,3.0,2022-06-23,738329
R+W,33.0,40.0,13.0,5.0,5.0,2022-06-20,738326
R+W,32.0,41.0,13.0,5.0,4.0,2022-06-24,738330
Techne,32.0,38.0,14.0,6.0,,2022-06-24,738330
YouGov,34.0,39.0,9.0,8.0,4.0,2022-06-28,738334
Opinium,34.0,37.0,11.0,6.0,,2022-06-26,738332
Ipsos,30.0,41.0,15.0,6.0,1.0,2022-06-01,738307
Savanta ComRes,34.0,41.0,10.0,5.0,1.0,2022-06-29,738335
R+W,33.0,41.0,15.0,4.0,3.0,2022-06-27,738333
Survation,35.0,43.0,11.0,2.0,1.0,2022-06-04,738310
YouGov,33.0,36.0,13.0,6.0,3.0,2022-06-30,738336
BMG,32.0,42.0,11.0,4.0,4.0,2022-06-06,738312
R+W,32.0,40.0,13.0,4.0,3.0,2022-06-30,738336
Techne,33.0,39.0,13.0,5.0,,2022-06-01,738307
Savanta ComRes,32.0,41.0,11.0,3.0,4.0,2022-07-05,738341
R+W,35.0,41.0,11.0,5.0,5.0,2022-07-04,738340
Survation,31.0,45.0,11.0,3.0,2.0,2022-07-08,738344
YouGov,29.0,40.0,15.0,6.0,3.0,2022-07-07,738343
Opinium,33.0,38.0,12.0,6.0,,2022-07-10,738346
R+W,31.0,43.0,12.0,7.0,2.0,2022-07-07,738343
Techne,29.0,41.0,14.0,6.0,,2022-07-08,738344
Savanta ComRes,28.0,43.0,12.0,4.0,3.0,2022-07-11,738347
R+W,31.0,42.0,12.0,5.0,5.0,2022-07-11,738347
JL Partners,31.0,42.0,12.0,6.0,3.0,2022-07-17,738353
YouGov,29.0,40.0,13.0,7.0,4.0,2022-07-15,738351
Techne,31.0,40.0,13.0,6.0,,2022-07-15,738351
Kantar,33.0,37.0,13.0,7.0,4.0,2022-07-21,738357
Savanta ComRes,30.0,43.0,11.0,4.0,3.0,2022-07-21,738357
R+W,32.0,42.0,12.0,5.0,3.0,2022-07-18,738354
R+W,35.0,44.0,9.0,5.0,3.0,2022-07-21,738357
Techne,32.0,41.0,12.0,6.0,,2022-07-22,738358
Savanta ComRes,33.0,44.0,9.0,3.0,3.0,2022-07-22,738358
Opinium,34.0,37.0,13.0,6.0,,2022-07-24,738360
YouGov,32.0,39.0,12.0,8.0,4.0,2022-07-27,738363
Deltapoll,31.0,42.0,10.0,6.0,3.0,2022-07-24,738360
Ipsos,30.0,44.0,10.0,8.0,1.0,2022-07-01,738337
Savanta ComRes,29.0,42.0,12.0,4.0,4.0,2022-07-29,738365
R+W,34.0,40.0,12.0,5.0,3.0,2022-07-25,738361
R+W,33.0,41.0,11.0,5.0,4.0,2022-07-28,738364
Techne,33.0,40.0,12.0,6.0,,2022-07-29,738365
YouGov,34.0,35.0,13.0,7.0,3.0,2022-07-02,738338
Kantar,32.0,36.0,13.0,8.0,4.0,2022-07-04,738340
R+W,34.0,38.0,11.0,7.0,4.0,2022-07-01,738337
Techne,34.0,39.0,13.0,5.0,,2022-08-05,738372
R+W,32.0,40.0,13.0,4.0,4.0,2022-08-04,738371
Opinium,34.0,37.0,12.0,6.0,,2022-08-07,738374
YouGov,33.0,37.0,11.0,8.0,3.0,2022-08-08,738375
R+W,35.0,40.0,12.0,5.0,3.0,2022-08-08,738375
YouGov,30.0,39.0,12.0,6.0,4.0,2022-08-17,738384
Techne,35.0,39.0,12.0,5.0,,2022-08-12,738379
R+W,34.0,41.0,12.0,5.0,3.0,2022-08-15,738382
YouGov,28.0,43.0,11.0,7.0,4.0,2022-08-20,738387
BMG,32.0,42.0,11.0,5.0,3.0,2022-08-19,738386
Opinium,31.0,39.0,10.0,7.0,,2022-08-21,738388
Kantar,33.0,40.0,14.0,6.0,2.0,2022-08-25,738392
Deltapoll,31.0,43.0,11.0,6.0,2.0,2022-08-24,738391
R+W,31.0,43.0,13.0,5.0,3.0,2022-08-22,738389
PeoplePolling,26.0,40.0,11.0,6.0,5.0,2022-08-26,738393
YouGov,31.0,39.0,11.0,7.0,5.0,2022-08-30,738397
R+W,33.0,42.0,12.0,5.0,2.0,2022-08-25,738392
Techne,33.0,41.0,11.0,6.0,,2022-08-26,738393
Deltapoll,31.0,44.0,12.0,4.0,2.0,2022-08-31,738398
R+W,33.0,42.0,13.0,4.0,4.0,2022-08-29,738396
PeoplePolling,25.0,42.0,10.0,7.0,4.0,2022-08-02,738369
R+W,31.0,42.0,12.0,7.0,3.0,2022-08-01,738368
Survation,33.0,43.0,11.0,3.0,1.0,2022-08-05,738372
Techne,32.0,42.0,12.0,5.0,,2022-08-02,738369
YouGov,28.0,43.0,11.0,6.0,3.0,2022-08-06,738373
Opinium,34.0,38.0,12.0,6.0,,2022-08-03,738370
Deltapoll,31.0,42.0,10.0,6.0,3.0,2022-08-03,738370
R+W,31.0,43.0,12.0,6.0,3.0,2022-09-05,738403
YouGov,29.0,44.0,10.0,7.0,3.0,2022-09-08,738406
R+W,30.0,42.0,14.0,6.0,2.0,2022-09-08,738406
PeoplePolling,28.0,40.0,9.0,7.0,4.0,2022-09-09,738407
Techne,34.0,42.0,11.0,4.0,,2022-09-11,738409
Ipsos,30.0,40.0,13.0,8.0,1.0,2022-09-22,738420
Deltapoll,32.0,44.0,9.0,4.0,2.0,2022-09-14,738412
Savanta ComRes,35.0,42.0,10.0,3.0,3.0,2022-09-12,738410
YouGov,32.0,42.0,10.0,7.0,2.0,2022-09-14,738412
PeoplePolling,28.0,40.0,10.0,6.0,5.0,2022-09-16,738414
Techne,35.0,41.0,10.0,5.0,,2022-09-16,738414
Savanta ComRes,33.0,45.0,10.0,4.0,3.0,2022-09-25,738423
Deltapoll,32.0,42.0,10.0,6.0,2.0,2022-09-20,738418
R+W,34.0,42.0,10.0,5.0,3.0,2022-09-20,738418
PeoplePolling,28.0,40.0,10.0,8.0,4.0,2022-09-23,738421
R+W,32.0,42.0,12.0,5.0,4.0,2022-09-23,738421
Techne,34.0,41.0,11.0,5.0,,2022-09-23,738421
YouGov,32.0,40.0,9.0,8.0,3.0,2022-09-23,738421
Deltapoll,31.0,44.0,12.0,4.0,2.0,2022-09-27,738425
Kantar,35.0,39.0,10.0,4.0,3.0,2022-09-29,738427
YouGov,28.0,45.0,9.0,7.0,3.0,2022-09-27,738425
Omnisis,32.0,44.0,10.0,5.0,4.0,2022-09-30,738428
Find Out Now / Electoral Calculus,28.0,45.0,11.0,6.0,3.0,2022-09-28,738426
R+W,31.0,44.0,11.0,6.0,2.0,2022-09-26,738424
Opinium,28.0,43.0,13.0,7.0,,2022-09-17,738415
Deltapoll,29.0,48.0,9.0,4.0,2.0,2022-09-29,738427
BMG,30.0,47.0,9.0,5.0,3.0,2022-09-30,738428
R+W,29.0,46.0,13.0,4.0,4.0,2022-09-29,738427
YouGov,21.0,54.0,7.0,6.0,4.0,2022-09-29,738427
Techne,27.0,47.0,11.0,6.0,,2022-09-30,738428
PeoplePolling,20.0,50.0,9.0,8.0,3.0,2022-09-30,738428
Opinium,27.0,46.0,9.0,6.0,,2022-09-02,738400
Survation,28.0,49.0,11.0,1.0,2.0,2022-09-29,738427
Omnisis,23.0,55.0,7.0,5.0,3.0,2022-09-30,738428
Savanta ComRes,25.0,50.0,11.0,3.0,3.0,2022-09-03,738401
R+W,24.0,52.0,10.0,5.0,3.0,2022-10-03,738431
R+W,24.0,52.0,10.0,5.0,3.0,2022-10-06,738434
Techne,26.0,48.0,10.0,6.0,,2022-10-07,738435
Opinium,26.0,47.0,11.0,6.0,,2022-10-08,738436
Ipsos,26.0,47.0,10.0,8.0,2.0,2022-10-14,738442
PeoplePolling,20.0,52.0,8.0,7.0,4.0,2022-10-07,738435
Deltapoll,26.0,51.0,9.0,4.0,2.0,2022-10-07,738435
Omnisis,24.0,51.0,10.0,5.0,4.0,2022-10-07,738435
YouGov,22.0,52.0,9.0,6.0,5.0,2022-10-08,738436
Savanta ComRes,23.0,51.0,10.0,4.0,3.0,2022-10-14,738442
R+W,25.0,54.0,10.0,4.0,3.0,2022-10-10,738438
YouGov,23.0,51.0,9.0,7.0,3.0,2022-10-13,738441
PeoplePolling,19.0,53.0,8.0,6.0,4.0,2022-10-13,738441
Techne,25.0,49.0,11.0,6.0,,2022-10-14,738442
R+W,24.0,53.0,13.0,3.0,2.0,2022-10-13,738441
Omnisis,28.0,49.0,10.0,5.0,2.0,2022-10-14,738442
Deltapoll,23.0,55.0,7.0,4.0,3.0,2022-10-17,738445
Savanta ComRes,22.0,52.0,11.0,2.0,3.0,2022-10-19,738447
R+W,20.0,56.0,11.0,5.0,2.0,2022-10-17,738445
Survation,23.0,52.0,11.0,3.0,2.0,2022-10-20,738448
R+W,19.0,55.0,12.0,4.0,4.0,2022-10-20,738448
Techne,22.0,53.0,11.0,5.0,,2022-10-20,738448
Opinium,23.0,50.0,9.0,6.0,,2022-10-23,738451
Omnisis,22.0,57.0,7.0,4.0,3.0,2022-10-20,738448
PeoplePolling,14.0,53.0,11.0,6.0,5.0,2022-10-20,738448
YouGov,19.0,56.0,10.0,4.0,5.0,2022-10-21,738449
Deltapoll,25.0,51.0,10.0,5.0,3.0,2022-10-24,738452
Omnisis,22.0,56.0,10.0,4.0,3.0,2022-10-24,738452
Savanta ComRes,25.0,51.0,8.0,2.0,6.0,2022-10-26,738454
R+W,21.0,54.0,11.0,4.0,4.0,2022-10-24,738452
BMG,26.0,49.0,10.0,5.0,5.0,2022-10-28,738456
YouGov,23.0,51.0,9.0,4.0,6.0,2022-10-27,738455
R+W,23.0,55.0,9.0,5.0,4.0,2022-10-27,738455
PeoplePolling,20.0,51.0,9.0,5.0,7.0,2022-10-28,738456
Techne,26.0,50.0,10.0,5.0,,2022-10-28,738456
Survation,27.0,51.0,8.0,2.0,1.0,2022-10-28,738456
Opinium,28.0,44.0,10.0,5.0,,2022-10-30,738458
Omnisis,25.0,53.0,7.0,4.0,6.0,2022-10-28,738456
Deltapoll,26.0,51.0,9.0,4.0,3.0,2022-10-31,738459
R+W,27.0,50.0,9.0,5.0,3.0,2022-10-31,738459
Focaldata,29.0,48.0,8.0,4.0,5.0,2022-10-04,738432
PeoplePolling,21.0,47.0,10.0,7.0,5.0,2022-11-04,738463
YouGov,24.0,50.0,9.0,5.0,6.0,2022-11-03,738462
Survation,27.0,50.0,7.0,3.0,3.0,2022-11-06,738465
R+W,30.0,47.0,12.0,3.0,4.0,2022-11-03,738462
Techne,29.0,49.0,9.0,4.0,,2022-11-04,738463
Opinium,28.0,46.0,8.0,6.0,,2022-11-05,738464
Omnisis,27.0,51.0,7.0,3.0,6.0,2022-11-04,738463
R+W,27.0,48.0,10.0,4.0,5.0,2022-11-07,738466
Deltapoll,29.0,47.0,9.0,5.0,3.0,2022-11-07,738466
PeoplePolling,21.0,42.0,9.0,9.0,8.0,2022-11-11,738470
R+W,28.0,49.0,11.0,4.0,4.0,2022-11-10,738469
Techne,30.0,49.0,8.0,4.0,,2022-11-11,738470
YouGov,25.0,48.0,10.0,5.0,5.0,2022-11-16,738475
Ipsos,29.0,50.0,7.0,3.0,2.0,2022-11-18,738477
Omnisis,26.0,49.0,7.0,5.0,8.0,2022-11-11,738470
Deltapoll,27.0,50.0,6.0,6.0,3.0,2022-11-14,738473
R+W,26.0,50.0,9.0,5.0,4.0,2022-11-14,738473
YouGov,26.0,47.0,9.0,5.0,6.0,2022-11-23,738482
R+W,27.0,48.0,10.0,4.0,5.0,2022-11-17,738476
Techne,28.0,50.0,8.0,4.0,,2022-11-18,738477
Omnisis,21.0,48.0,10.0,7.0,5.0,2022-11-18,738477
Opinium,28.0,45.0,9.0,4.0,,2022-11-19,738478
Deltapoll,25.0,51.0,9.0,4.0,4.0,2022-11-20,738479
Kantar,30.0,45.0,8.0,4.0,5.0,2022-11-24,738483
PeoplePolling,21.0,47.0,10.0,7.0,6.0,2022-11-19,738478
Savanta ComRes,28.0,46.0,10.0,3.0,3.0,2022-11-26,738485
R+W,28.0,49.0,9.0,4.0,5.0,2022-11-21,738480
YouGov,25.0,48.0,9.0,5.0,5.0,2022-11-29,738488
PeoplePolling,24.0,44.0,8.0,8.0,5.0,2022-11-25,738484
Techne,27.0,50.0,9.0,4.0,,2022-11-25,738484
Omnisis,25.0,49.0,9.0,5.0,6.0,2022-11-25,738484
Deltapoll,30.0,48.0,10.0,3.0,4.0,2022-11-28,738487
Savanta ComRes,26.0,47.0,10.0,2.0,5.0,2022-11-01,738460
R+W,27.0,47.0,11.0,6.0,5.0,2022-11-28,738487
YouGov,22.0,47.0,9.0,5.0,9.0,2022-11-01,738460
BMG,28.0,46.0,10.0,5.0,6.0,2022-11-02,738461
PeoplePolling,21.0,46.0,7.0,9.0,7.0,2022-11-02,738461
Techne,26.0,49.0,10.0,4.0,5.0,2022-11-02,738461
Opinium,29.0,43.0,8.0,6.0,6.0,2022-11-04,738463
Omnisis,25.0,48.0,9.0,6.0,5.0,2022-12-02,738491
Deltapoll,28.0,48.0,10.0,4.0,4.0,2022-12-06,738495
Savanta ComRes,31.0,42.0,10.0,3.0,5.0,2022-12-09,738498
Savanta ComRes,28.0,48.0,11.0,3.0,4.0,2022-12-13,738502
R+W,26.0,48.0,10.0,6.0,5.0,2022-12-05,738494
YouGov,24.0,48.0,9.0,6.0,8.0,2022-12-08,738497
PeoplePolling,20.0,47.0,8.0,6.0,9.0,2022-12-09,738498
Techne,27.0,48.0,9.0,4.0,5.0,2022-12-09,738498
Ipsos,23.0,49.0,13.0,3.0,2.0,2022-12-19,738508
Omnisis,30.0,48.0,9.0,6.0,4.0,2022-12-09,738498
Kantar,29.0,46.0,9.0,5.0,4.0,2022-12-15,738504
Savanta ComRes,29.0,45.0,8.0,3.0,6.0,2022-12-15,738504
Deltapoll,32.0,45.0,8.0,6.0,4.0,2022-12-13,738502
R+W,29.0,46.0,9.0,5.0,7.0,2022-12-12,738501
PeoplePolling,24.0,45.0,7.0,6.0,7.0,2022-12-16,738505
Techne,28.0,46.0,9.0,5.0,6.0,2022-12-16,738505
YouGov,23.0,48.0,8.0,5.0,9.0,2022-12-16,738505
Opinium,29.0,44.0,9.0,5.0,8.0,2022-12-18,738507
Omnisis,26.0,47.0,9.0,6.0,6.0,2022-12-16,738505
Savanta ComRes,28.0,45.0,9.0,3.0,5.0,2022-12-23,738512
YouGov,24.0,48.0,9.0,5.0,8.0,2022-12-29,738518
PeoplePolling,22.0,46.0,8.0,6.0,8.0,2022-12-23,738512
Techne,28.0,45.0,8.0,5.0,7.0,2022-12-23,738512
Omnisis,25.0,51.0,7.0,5.0,6.0,2022-12-22,738511
PeoplePolling,19.0,45.0,8.0,9.0,8.0,2022-12-29,738518
R+W,27.0,47.0,12.0,3.0,5.0,2023-01-03,738523
PeoplePolling,22.0,46.0,7.0,7.0,8.0,2023-01-06,738526
Techne,25.0,46.0,9.0,5.0,8.0,2023-01-06,738526
YouGov,25.0,46.0,9.0,6.0,7.0,2023-01-06,738526
Omnisis,27.0,49.0,10.0,4.0,4.0,2023-01-06,738526
Deltapoll,31.0,45.0,9.0,5.0,3.0,2023-01-09,738529
R+W,26.0,48.0,9.0,5.0,6.0,2023-01-09,738529
PeoplePolling,21.0,48.0,8.0,7.0,7.0,2023-01-12,738532
Omnisis,28.0,48.0,7.0,7.0,3.0,2023-01-13,738533
Techne,26.0,47.0,8.0,5.0,7.0,2023-01-13,738533
Opinium,29.0,45.0,9.0,5.0,6.0,2023-01-15,738535
model,31.73508198952186,49.9640994041074,9.364825836216937,6.408280971888416,5.0,2024-12-08,739228
