Con,Lab,LD,Green,BXP/Reform,date_published,date_ordinals
48.0,31.0,8.0,5.0,1.0,2020-01-04,737428
45.0,35.0,6.0,5.0,2.0,2020-01-05,737429
39.0,39.0,6.0,5.0,4.0,2020-01-09,737433
41.0,39.0,8.0,4.0,2.0,2020-01-12,737436
44.0,29.0,11.0,5.0,4.0,2020-01-13,737437
47.0,30.0,9.0,4.0,3.0,2020-01-18,737442
49.0,29.0,10.0,4.0,2.0,2020-01-28,737452
44.0,33.0,10.0,3.0,3.0,2020-01-31,737455
39.0,38.0,8.0,3.0,2.0,2020-02-11,737466
36.0,38.0,9.0,7.0,4.0,2020-02-12,737467
48.0,28.0,10.0,6.0,2.0,2020-02-14,737469
47.0,32.0,7.0,4.0,2.0,2020-02-15,737470
47.0,31.0,9.0,4.0,3.0,2020-02-23,737478
52.0,28.0,8.0,5.0,1.0,2020-03-04,737488
40.0,40.0,7.0,4.0,2.0,2020-03-10,737494
54.0,28.0,7.0,4.0,2.0,2020-03-28,737512
43.0,38.0,4.0,5.0,3.0,2020-04-12,737527
53.0,32.0,5.0,3.0,1.0,2020-04-20,737535
54.0,28.0,9.0,4.0,1.0,2020-04-22,737537
49.0,30.0,8.0,5.0,2.0,2020-05-01,737546
43.0,35.0,6.0,5.0,3.0,2020-05-07,737552
51.0,32.0,7.0,2.0,2.0,2020-05-14,737559
46.0,33.0,7.0,4.0,2.0,2020-05-21,737566
44.0,38.0,6.0,4.0,2.0,2020-05-27,737572
43.0,38.0,6.0,4.0,3.0,2020-05-29,737574
43.0,38.0,8.0,4.0,2.0,2020-05-31,737576
47.0,30.0,11.0,5.0,1.0,2020-06-01,737577
45.0,37.0,6.0,5.0,1.0,2020-06-07,737583
42.0,39.0,7.0,3.0,2.0,2020-06-10,737586
39.0,37.0,9.0,4.0,2.0,2020-06-11,737587
45.0,37.0,6.0,4.0,2.0,2020-06-13,737589
43.0,35.0,8.0,4.0,2.0,2020-06-17,737593
40.0,36.0,9.0,3.0,3.0,2020-06-18,737594
50.0,30.0,7.0,5.0,3.0,2020-07-05,737611
41.0,38.0,8.0,4.0,3.0,2020-07-06,737612
41.0,39.0,7.0,4.0,1.0,2020-07-06,737612
42.0,36.0,8.0,5.0,2.0,2020-07-08,737614
42.0,36.0,8.0,5.0,1.0,2020-07-13,737619
45.0,35.0,9.0,2.0,2.0,2020-07-16,737622
43.0,37.0,6.0,2.0,2.0,2020-07-22,737628
41.0,29.0,11.0,8.0,3.0,2020-08-02,737639
40.0,38.0,8.0,4.0,1.0,2020-08-09,737646
44.0,35.0,5.0,5.0,3.0,2020-08-19,737656
40.0,38.0,6.0,6.0,4.0,2020-08-19,737656
42.0,37.0,7.0,3.0,2.0,2020-08-19,737656
41.0,37.0,9.0,4.0,1.0,2020-08-25,737662
43.0,36.0,6.0,4.0,3.0,2020-08-26,737663
41.0,38.0,5.0,6.0,3.0,2020-09-10,737678
38.0,38.0,6.0,5.0,3.0,2020-09-12,737680
42.0,38.0,6.0,5.0,2.0,2020-09-15,737683
40.0,40.0,6.0,5.0,3.0,2020-09-19,737687
40.0,37.0,8.0,3.0,3.0,2020-09-22,737690
40.0,38.0,7.0,4.0,1.0,2020-09-22,737690
40.0,38.0,9.0,4.0,3.0,2020-09-23,737691
42.0,38.0,6.0,4.0,3.0,2020-09-27,737695
41.0,38.0,6.0,5.0,3.0,2020-09-28,737696
41.0,38.0,8.0,3.0,2.0,2020-09-30,737698
46.0,36.0,6.0,3.0,2.0,2020-10-07,737705
39.0,39.0,7.0,4.0,3.0,2020-10-14,737712
39.0,38.0,6.0,6.0,5.0,2020-10-16,737714
42.0,36.0,8.0,3.0,2.0,2020-10-21,737719
41.0,38.0,5.0,6.0,4.0,2020-10-21,737719
42.0,39.0,7.0,3.0,3.0,2020-10-25,737723
40.0,39.0,7.0,5.0,3.0,2020-10-26,737724
42.0,39.0,7.0,3.0,2.0,2020-10-28,737726
50.0,29.0,11.0,2.0,1.0,2020-11-03,737732
46.0,29.0,10.0,6.0,2.0,2020-11-04,737733
42.0,36.0,8.0,4.0,1.0,2020-11-06,737735
44.0,38.0,7.0,3.0,3.0,2020-11-07,737736
40.0,36.0,8.0,5.0,2.0,2020-11-11,737740
40.0,36.0,8.0,5.0,3.0,2020-11-11,737740
37.0,37.0,8.0,6.0,5.0,2020-11-12,737741
39.0,37.0,8.0,5.0,1.0,2020-11-12,737741
38.0,40.0,5.0,5.0,4.0,2020-11-16,737745
41.0,38.0,5.0,4.0,2.0,2020-11-19,737748
38.0,37.0,7.0,6.0,4.0,2020-11-23,737752
39.0,37.0,7.0,4.0,3.0,2020-11-25,737754
37.0,40.0,5.0,5.0,5.0,2020-11-28,737757
39.0,37.0,7.0,5.0,4.0,2020-11-28,737757
37.0,38.0,9.0,4.0,3.0,2020-11-29,737758
42.0,35.0,8.0,3.0,3.0,2020-12-08,737767
41.0,37.0,7.0,4.0,1.0,2020-12-10,737769
38.0,37.0,8.0,5.0,4.0,2020-12-17,737776
38.0,37.0,10.0,5.0,3.0,2020-12-20,737779
39.0,37.0,6.0,6.0,4.0,2020-12-22,737781
37.0,41.0,5.0,5.0,4.0,2020-12-23,737782
39.0,38.0,8.0,4.0,1.0,2020-12-24,737783
42.0,34.0,7.0,6.0,1.0,2021-01-02,737792
42.0,34.0,9.0,4.0,2.0,2021-01-03,737793
40.0,39.0,6.0,4.0,3.0,2021-01-04,737794
38.0,33.0,9.0,8.0,4.0,2021-01-10,737800
40.0,35.0,10.0,6.0,3.0,2021-01-11,737801
38.0,39.0,5.0,6.0,3.0,2021-01-19,737809
40.0,38.0,8.0,5.0,2.0,2021-01-19,737809
39.0,37.0,7.0,3.0,2.0,2021-01-22,737812
39.0,38.0,5.0,6.0,4.0,2021-01-23,737813
41.0,39.0,7.0,3.0,2.0,2021-01-25,737815
42.0,37.0,8.0,4.0,3.0,2021-01-25,737815
37.0,41.0,6.0,4.0,3.0,2021-01-28,737818
40.0,37.0,10.0,5.0,2.0,2021-01-29,737819
40.0,37.0,8.0,3.0,2.0,2021-01-29,737819
41.0,38.0,7.0,4.0,1.0,2021-01-31,737821
40.0,38.0,8.0,4.0,3.0,2021-02-02,737823
43.0,36.0,7.0,3.0,3.0,2021-02-02,737823
44.0,38.0,7.0,3.0,2.0,2021-02-03,737824
41.0,34.0,11.0,6.0,3.0,2021-02-08,737829
39.0,31.0,8.0,9.0,4.0,2021-02-08,737829
40.0,34.0,10.0,5.0,2.0,2021-02-08,737829
35.0,40.0,10.0,4.0,3.0,2021-02-12,737833
41.0,39.0,8.0,5.0,2.0,2021-02-15,737836
42.0,37.0,7.0,3.0,2.0,2021-02-18,737839
40.0,37.0,7.0,6.0,3.0,2021-02-22,737843
43.0,37.0,7.0,5.0,3.0,2021-02-23,737844
40.0,38.0,7.0,3.0,3.0,2021-02-24,737845
40.0,33.0,11.0,6.0,3.0,2021-02-25,737846
41.0,36.0,5.0,7.0,3.0,2021-02-26,737847
43.0,36.0,7.0,4.0,1.0,2021-02-27,737848
42.0,38.0,6.0,4.0,3.0,2021-02-27,737848
43.0,37.0,5.0,5.0,3.0,2021-03-01,737850
41.0,38.0,6.0,3.0,2.0,2021-03-01,737850
42.0,32.0,9.0,5.0,2.0,2021-03-05,737854
40.0,38.0,7.0,5.0,3.0,2021-03-05,737854
40.0,34.0,10.0,6.0,1.0,2021-03-07,737856
43.0,33.0,9.0,5.0,1.0,2021-03-14,737863
45.0,38.0,6.0,5.0,1.0,2021-03-15,737864
43.0,36.0,7.0,5.0,3.0,2021-03-16,737865
39.0,37.0,8.0,4.0,3.0,2021-03-17,737866
42.0,33.0,7.0,6.0,3.0,2021-03-17,737866
42.0,37.0,7.0,5.0,2.0,2021-03-20,737869
42.0,36.0,9.0,6.0,2.0,2021-03-22,737871
39.0,37.0,9.0,6.0,3.0,2021-03-23,737872
43.0,34.0,5.0,7.0,3.0,2021-03-24,737873
42.0,38.0,6.0,3.0,2.0,2021-03-26,737875
41.0,37.0,6.0,5.0,1.0,2021-03-28,737877
44.0,36.0,6.0,4.0,3.0,2021-03-28,737877
44.0,36.0,7.0,4.0,2.0,2021-03-29,737878
42.0,32.0,8.0,7.0,3.0,2021-03-30,737879
45.0,32.0,6.0,7.0,3.0,2021-04-03,737883
40.0,36.0,8.0,4.0,2.0,2021-04-04,737884
46.0,30.0,6.0,9.0,2.0,2021-04-06,737886
40.0,37.0,10.0,4.0,3.0,2021-04-10,737890
40.0,35.0,9.0,4.0,3.0,2021-04-10,737890
42.0,35.0,7.0,4.0,2.0,2021-04-14,737894
43.0,29.0,8.0,8.0,3.0,2021-04-16,737896
44.0,34.0,10.0,4.0,3.0,2021-04-19,737899
43.0,34.0,7.0,4.0,1.0,2021-04-20,737900
44.0,34.0,5.0,7.0,2.0,2021-04-23,737903
44.0,34.0,8.0,4.0,3.0,2021-04-26,737906
40.0,37.0,8.0,5.0,2.0,2021-04-26,737906
41.0,33.0,10.0,7.0,3.0,2021-04-28,737908
42.0,35.0,8.0,3.0,2.0,2021-04-28,737908
43.0,34.0,5.0,7.0,2.0,2021-04-29,737909
44.0,33.0,7.0,7.0,3.0,2021-04-29,737909
44.0,34.0,9.0,5.0,2.0,2021-05-04,737914
42.0,31.0,10.0,6.0,3.0,2021-05-06,737916
43.0,34.0,8.0,6.0,4.0,2021-05-07,737917
41.0,33.0,9.0,7.0,3.0,2021-05-09,737919
37.0,38.0,10.0,5.0,2.0,2021-05-12,737922
45.0,30.0,7.0,8.0,2.0,2021-05-14,737924
43.0,30.0,11.0,9.0,2.0,2021-05-16,737926
42.0,33.0,10.0,6.0,2.0,2021-05-17,737927
43.0,32.0,8.0,5.0,2.0,2021-05-17,737927
46.0,28.0,8.0,8.0,2.0,2021-05-21,737931
43.0,33.0,10.0,5.0,3.0,2021-05-24,737934
43.0,34.0,9.0,4.0,2.0,2021-05-27,737937
44.0,32.0,7.0,8.0,2.0,2021-05-28,737938
43.0,29.0,8.0,8.0,3.0,2021-05-29,737939
42.0,36.0,6.0,5.0,1.0,2021-05-30,737940
45.0,34.0,8.0,5.0,3.0,2021-05-31,737941
42.0,35.0,8.0,3.0,2.0,2021-06-04,737945
43.0,33.0,7.0,6.0,3.0,2021-06-05,737946
41.0,35.0,8.0,4.0,3.0,2021-06-07,737948
41.0,32.0,11.0,6.0,4.0,2021-06-09,737950
38.0,34.0,8.0,10.0,3.0,2021-06-09,737950
40.0,35.0,9.0,4.0,3.0,2021-06-10,737951
36.0,35.0,11.0,8.0,3.0,2021-06-11,737952
38.0,36.0,9.0,6.0,4.0,2021-06-12,737953
44.0,34.0,9.0,5.0,2.0,2021-06-14,737955
41.0,34.0,8.0,6.0,2.0,2021-06-16,737957
45.0,34.0,5.0,7.0,3.0,2021-06-17,737958
44.0,33.0,10.0,4.0,3.0,2021-06-21,737962
45.0,31.0,6.0,7.0,4.0,2021-06-21,737962
44.0,30.0,10.0,5.0,1.0,2021-06-22,737963
41.0,35.0,10.0,5.0,2.0,2021-06-22,737963
42.0,30.0,9.0,7.0,4.0,2021-06-25,737966
41.0,34.0,9.0,5.0,3.0,2021-06-28,737969
42.0,33.0,9.0,5.0,2.0,2021-06-29,737970
42.0,34.0,7.0,6.0,3.0,2021-07-03,737974
43.0,36.0,7.0,5.0,1.0,2021-07-06,737977
39.0,31.0,9.0,9.0,4.0,2021-07-10,737981
36.0,39.0,9.0,3.0,3.0,2021-07-11,737982
40.0,37.0,8.0,6.0,2.0,2021-07-11,737982
38.0,37.0,9.0,5.0,2.0,2021-07-12,737983
42.0,30.0,9.0,7.0,2.0,2021-07-13,737984
40.0,35.0,9.0,6.0,2.0,2021-07-14,737985
44.0,31.0,12.0,4.0,1.0,2021-07-15,737986
42.0,33.0,10.0,5.0,3.0,2021-07-19,737990
44.0,31.0,8.0,6.0,3.0,2021-07-19,737990
41.0,34.0,8.0,5.0,2.0,2021-07-22,737993
38.0,34.0,9.0,8.0,3.0,2021-07-24,737995
40.0,36.0,9.0,6.0,4.0,2021-07-26,737997
42.0,37.0,6.0,6.0,2.0,2021-07-26,737997
40.0,34.0,10.0,4.0,2.0,2021-07-28,737999
39.0,34.0,8.0,9.0,3.0,2021-07-30,738001
41.0,37.0,6.0,6.0,3.0,2021-08-02,738004
37.0,36.0,10.0,6.0,5.0,2021-08-11,738013
34.0,38.0,11.0,6.0,5.0,2021-08-12,738014
40.0,32.0,9.0,7.0,2.0,2021-08-13,738015
40.0,36.0,10.0,5.0,3.0,2021-08-16,738018
41.0,34.0,9.0,4.0,2.0,2021-08-19,738021
40.0,32.0,9.0,8.0,3.0,2021-08-20,738022
43.0,33.0,10.0,6.0,3.0,2021-08-23,738025
37.0,34.0,14.0,5.0,2.0,2021-08-26,738028
41.0,34.0,9.0,4.0,2.0,2021-08-26,738028
41.0,33.0,9.0,5.0,4.0,2021-08-30,738032
39.0,39.0,6.0,6.0,3.0,2021-09-01,738034
43.0,38.0,7.0,4.0,2.0,2021-09-02,738035
45.0,36.0,7.0,4.0,3.0,2021-09-03,738036
44.0,32.0,8.0,5.0,2.0,2021-09-06,738039
40.0,37.0,9.0,6.0,3.0,2021-09-08,738041
38.0,35.0,10.0,4.0,3.0,2021-09-11,738044
39.0,35.0,9.0,6.0,3.0,2021-09-15,738048
39.0,35.0,7.0,7.0,3.0,2021-09-17,738050
41.0,35.0,8.0,7.0,3.0,2021-09-20,738053
40.0,35.0,9.0,5.0,2.0,2021-09-22,738055
39.0,32.0,10.0,9.0,3.0,2021-09-24,738057
41.0,35.0,10.0,5.0,3.0,2021-09-29,738062
43.0,30.0,11.0,6.0,1.0,2021-09-30,738063
39.0,31.0,8.0,9.0,4.0,2021-09-30,738063
42.0,36.0,8.0,4.0,3.0,2021-10-03,738066
45.0,34.0,8.0,5.0,2.0,2021-10-05,738068
45.0,32.0,8.0,6.0,2.0,2021-10-06,738069
40.0,36.0,9.0,4.0,3.0,2021-10-09,738072
34.0,40.0,10.0,4.0,3.0,2021-10-12,738075
40.0,35.0,8.0,5.0,2.0,2021-10-14,738077
41.0,31.0,9.0,8.0,4.0,2021-10-14,738077
38.0,37.0,9.0,6.0,2.0,2021-10-17,738080
40.0,32.0,6.0,9.0,3.0,2021-10-18,738081
40.0,37.0,9.0,5.0,3.0,2021-10-18,738081
39.0,34.0,8.0,8.0,2.0,2021-10-21,738084
40.0,35.0,8.0,5.0,3.0,2021-10-21,738084
37.0,33.0,9.0,10.0,4.0,2021-10-22,738085
39.0,36.0,10.0,6.0,4.0,2021-10-25,738088
37.0,35.0,8.0,7.0,4.0,2021-10-27,738090
39.0,33.0,8.0,10.0,3.0,2021-10-29,738092
41.0,37.0,8.0,4.0,2.0,2021-11-02,738096
41.0,36.0,6.0,7.0,3.0,2021-11-02,738096
45.0,36.0,6.0,4.0,4.0,2021-11-04,738098
42.0,34.0,8.0,4.0,2.0,2021-11-05,738099
44.0,31.0,7.0,9.0,2.0,2021-11-06,738100
41.0,33.0,8.0,7.0,3.0,2021-11-08,738102
37.0,33.0,12.0,8.0,4.0,2021-11-09,738103
40.0,36.0,9.0,6.0,4.0,2021-11-10,738104
36.0,38.0,10.0,6.0,3.0,2021-11-11,738105
33.0,39.0,9.0,4.0,4.0,2021-11-12,738106
34.0,40.0,10.0,5.0,3.0,2021-11-13,738107
36.0,37.0,10.0,5.0,4.0,2021-11-15,738109
37.0,37.0,10.0,4.0,2.0,2021-11-17,738111
36.0,34.0,7.0,10.0,5.0,2021-11-19,738113
37.0,37.0,9.0,6.0,4.0,2021-11-22,738116
36.0,38.0,10.0,5.0,3.0,2021-11-24,738118
39.0,36.0,10.0,5.0,2.0,2021-11-25,738119
36.0,35.0,11.0,8.0,2.0,2021-11-27,738121
38.0,36.0,10.0,6.0,4.0,2021-11-29,738123
37.0,37.0,8.0,5.0,4.0,2021-11-30,738124
40.0,37.0,8.0,4.0,2.0,2021-12-01,738125
41.0,37.0,8.0,5.0,2.0,2021-12-01,738125
41.0,34.0,6.0,6.0,3.0,2021-12-04,738128
43.0,36.0,7.0,5.0,3.0,2021-12-04,738128
41.0,33.0,12.0,6.0,3.0,2021-12-07,738131
41.0,33.0,10.0,4.0,2.0,2021-12-08,738132
35.0,35.0,8.0,10.0,4.0,2021-12-11,738135
32.0,39.0,9.0,5.0,4.0,2021-12-13,738137
34.0,39.0,11.0,7.0,1.0,2021-12-13,738137
34.0,38.0,11.0,7.0,3.0,2021-12-16,738140
34.0,38.0,10.0,4.0,4.0,2021-12-17,738141
32.0,37.0,13.0,5.0,4.0,2021-12-22,738146
34.0,41.0,9.0,4.0,3.0,2021-12-22,738146
33.0,44.0,9.0,3.0,3.0,2022-01-01,738156
35.0,42.0,8.0,6.0,2.0,2022-01-02,738157
31.0,39.0,12.0,7.0,4.0,2022-01-05,738160
34.0,43.0,9.0,5.0,4.0,2022-01-05,738160
32.0,39.0,11.0,7.0,3.0,2022-01-06,738161
30.0,41.0,15.0,6.0,1.0,2022-01-06,738161
30.0,44.0,10.0,8.0,1.0,2022-01-07,738162
34.0,38.0,11.0,7.0,4.0,2022-01-07,738162
31.0,42.0,12.0,7.0,3.0,2022-01-08,738163
26.0,47.0,10.0,2.0,5.0,2022-01-11,738166
33.0,42.0,11.0,4.0,3.0,2022-01-13,738168
28.0,38.0,13.0,7.0,4.0,2022-01-13,738168
32.0,42.0,11.0,4.0,2.0,2022-01-14,738169
27.0,41.0,11.0,8.0,5.0,2022-01-14,738169
30.0,43.0,9.0,7.0,4.0,2022-01-17,738172
32.0,41.0,11.0,5.0,2.0,2022-01-17,738172
31.0,39.0,11.0,6.0,5.0,2022-01-18,738173
32.0,41.0,11.0,4.0,3.0,2022-01-19,738174
33.0,43.0,10.0,3.0,2.0,2022-01-21,738176
34.0,41.0,11.0,5.0,3.0,2022-01-24,738179
32.0,39.0,8.0,8.0,4.0,2022-01-24,738179
32.0,40.0,11.0,4.0,3.0,2022-01-25,738180
34.0,38.0,11.0,7.0,2.0,2022-01-27,738182
35.0,40.0,10.0,3.0,3.0,2022-01-27,738182
32.0,38.0,11.0,7.0,3.0,2022-01-28,738183
32.0,42.0,10.0,6.0,1.0,2022-01-30,738185
33.0,40.0,11.0,6.0,3.0,2022-01-31,738186
33.0,41.0,12.0,5.0,3.0,2022-02-05,738191
33.0,39.0,12.0,6.0,4.0,2022-02-06,738192
34.0,35.0,13.0,7.0,3.0,2022-02-07,738193
25.0,42.0,10.0,7.0,4.0,2022-02-08,738194
26.0,49.0,10.0,4.0,5.0,2022-02-11,738197
25.0,48.0,9.0,6.0,5.0,2022-02-12,738198
34.0,37.0,10.0,8.0,4.0,2022-02-14,738200
32.0,41.0,11.0,4.0,3.0,2022-02-16,738202
34.0,38.0,10.0,6.0,4.0,2022-02-18,738204
33.0,39.0,11.0,7.0,4.0,2022-02-21,738207
35.0,42.0,9.0,3.0,2.0,2022-02-23,738209
33.0,40.0,11.0,5.0,3.0,2022-02-24,738210
34.0,39.0,12.0,6.0,2.0,2022-02-24,738210
32.0,38.0,13.0,7.0,3.0,2022-02-24,738210
35.0,38.0,12.0,5.0,4.0,2022-02-28,738214
34.0,39.0,9.0,6.0,5.0,2022-02-28,738214
35.0,38.0,10.0,5.0,4.0,2022-03-01,738215
34.0,42.0,9.0,3.0,3.0,2022-03-02,738216
31.0,42.0,10.0,6.0,3.0,2022-03-08,738222
25.0,50.0,11.0,3.0,3.0,2022-03-09,738223
24.0,52.0,10.0,5.0,3.0,2022-03-10,738224
30.0,47.0,12.0,3.0,4.0,2022-03-11,738225
36.0,39.0,10.0,6.0,4.0,2022-03-14,738228
33.0,39.0,10.0,7.0,4.0,2022-03-18,738232
35.0,40.0,9.0,3.0,3.0,2022-03-18,738232
35.0,39.0,10.0,7.0,1.0,2022-03-18,738232
35.0,40.0,11.0,7.0,2.0,2022-03-21,738235
35.0,39.0,10.0,4.0,3.0,2022-03-23,738237
36.0,36.0,12.0,6.0,3.0,2022-03-24,738238
35.0,37.0,10.0,7.0,4.0,2022-03-25,738239
35.0,36.0,9.0,8.0,5.0,2022-03-25,738239
35.0,37.0,9.0,5.0,5.0,2022-03-28,738242
35.0,39.0,11.0,3.0,3.0,2022-03-29,738243
35.0,42.0,9.0,3.0,2.0,2022-03-31,738245
35.0,41.0,9.0,4.0,3.0,2022-04-04,738249
36.0,42.0,9.0,4.0,3.0,2022-04-04,738249
35.0,43.0,11.0,2.0,1.0,2022-04-06,738251
32.0,36.0,13.0,8.0,4.0,2022-04-07,738252
35.0,41.0,11.0,5.0,5.0,2022-04-07,738252
32.0,40.0,13.0,4.0,4.0,2022-04-08,738253
29.0,48.0,8.0,4.0,5.0,2022-04-10,738255
21.0,47.0,10.0,7.0,5.0,2022-04-11,738256
34.0,40.0,9.0,4.0,3.0,2022-04-13,738258
34.0,37.0,11.0,7.0,4.0,2022-04-14,738259
33.0,38.0,10.0,7.0,5.0,2022-04-16,738261
32.0,43.0,9.0,6.0,2.0,2022-04-17,738262
34.0,42.0,10.0,5.0,3.0,2022-04-18,738263
33.0,39.0,9.0,8.0,3.0,2022-04-22,738267
34.0,42.0,11.0,4.0,4.0,2022-04-25,738270
33.0,39.0,11.0,6.0,3.0,2022-04-28,738273
33.0,42.0,9.0,4.0,2.0,2022-04-29,738274
34.0,40.0,11.0,3.0,3.0,2022-04-30,738275
33.0,40.0,11.0,4.0,3.0,2022-05-04,738279
32.0,41.0,11.0,3.0,4.0,2022-05-07,738282
33.0,43.0,11.0,3.0,1.0,2022-05-08,738283
31.0,43.0,12.0,6.0,3.0,2022-05-09,738284
33.0,38.0,12.0,6.0,3.0,2022-05-13,738288
35.0,39.0,12.0,6.0,3.0,2022-05-16,738291
34.0,41.0,10.0,4.0,2.0,2022-05-19,738294
33.0,39.0,12.0,5.0,1.0,2022-05-19,738294
34.0,40.0,10.0,4.0,2.0,2022-05-20,738295
31.0,39.0,12.0,7.0,4.0,2022-05-20,738295
33.0,39.0,12.0,5.0,4.0,2022-05-23,738298
34.0,44.0,8.0,2.0,4.0,2022-05-23,738298
34.0,40.0,10.0,5.0,2.0,2022-05-25,738300
32.0,38.0,13.0,8.0,3.0,2022-05-26,738301
31.0,40.0,14.0,5.0,3.0,2022-05-26,738301
36.0,43.0,10.0,5.0,2.0,2022-05-30,738305
31.0,42.0,11.0,3.0,3.0,2022-05-31,738306
34.0,41.0,10.0,5.0,2.0,2022-06-02,738308
32.0,42.0,11.0,4.0,4.0,2022-06-06,738312
34.0,38.0,11.0,7.0,4.0,2022-06-06,738312
28.0,43.0,11.0,6.0,3.0,2022-06-08,738314
24.0,52.0,10.0,5.0,3.0,2022-06-10,738316
27.0,50.0,7.0,3.0,3.0,2022-06-11,738317
28.0,48.0,10.0,4.0,4.0,2022-06-12,738318
32.0,39.0,15.0,6.0,2.0,2022-06-13,738319
34.0,40.0,10.0,4.0,2.0,2022-06-15,738321
34.0,42.0,12.0,4.0,3.0,2022-06-16,738322
33.0,39.0,10.0,6.0,4.0,2022-06-17,738323
34.0,41.0,10.0,3.0,2.0,2022-06-17,738323
31.0,42.0,10.0,5.0,3.0,2022-06-23,738329
34.0,36.0,13.0,5.0,4.0,2022-06-23,738329
32.0,41.0,13.0,5.0,4.0,2022-06-24,738330
33.0,41.0,15.0,4.0,3.0,2022-06-27,738333
34.0,39.0,9.0,8.0,4.0,2022-06-28,738334
34.0,41.0,10.0,5.0,1.0,2022-06-29,738335
32.0,40.0,13.0,4.0,3.0,2022-06-30,738336
33.0,36.0,13.0,6.0,3.0,2022-06-30,738336
32.0,42.0,9.0,6.0,4.0,2022-07-02,738338
32.0,41.0,10.0,6.0,4.0,2022-07-02,738338
37.0,40.0,10.0,5.0,2.0,2022-07-03,738339
31.0,43.0,12.0,7.0,2.0,2022-07-07,738343
29.0,40.0,15.0,6.0,3.0,2022-07-07,738343
24.0,51.0,10.0,5.0,4.0,2022-07-10,738346
20.0,52.0,8.0,7.0,4.0,2022-07-10,738346
26.0,51.0,9.0,4.0,2.0,2022-07-10,738346
29.0,47.0,9.0,5.0,3.0,2022-07-11,738347
29.0,40.0,13.0,7.0,4.0,2022-07-15,738351
31.0,42.0,12.0,6.0,3.0,2022-07-17,738353
32.0,42.0,12.0,5.0,3.0,2022-07-18,738354
30.0,43.0,11.0,4.0,3.0,2022-07-21,738357
35.0,44.0,9.0,5.0,3.0,2022-07-21,738357
33.0,37.0,13.0,7.0,4.0,2022-07-21,738357
33.0,44.0,9.0,3.0,3.0,2022-07-22,738358
31.0,42.0,10.0,6.0,3.0,2022-07-24,738360
34.0,40.0,12.0,5.0,3.0,2022-07-25,738361
32.0,39.0,12.0,8.0,4.0,2022-07-27,738363
33.0,41.0,11.0,5.0,4.0,2022-07-28,738364
29.0,42.0,12.0,4.0,4.0,2022-07-29,738365
31.0,45.0,11.0,3.0,2.0,2022-08-07,738374
35.0,40.0,12.0,5.0,3.0,2022-08-08,738375
33.0,37.0,11.0,8.0,3.0,2022-08-08,738375
29.0,44.0,10.0,7.0,3.0,2022-08-09,738376
30.0,42.0,14.0,6.0,2.0,2022-08-09,738376
34.0,41.0,12.0,5.0,3.0,2022-08-15,738382
30.0,39.0,12.0,6.0,4.0,2022-08-17,738384
32.0,42.0,11.0,5.0,3.0,2022-08-19,738386
28.0,43.0,11.0,7.0,4.0,2022-08-20,738387
31.0,43.0,13.0,5.0,3.0,2022-08-22,738389
31.0,43.0,11.0,6.0,2.0,2022-08-24,738391
33.0,42.0,12.0,5.0,2.0,2022-08-25,738392
33.0,40.0,14.0,6.0,2.0,2022-08-25,738392
33.0,42.0,13.0,4.0,4.0,2022-08-29,738396
31.0,44.0,12.0,4.0,2.0,2022-08-31,738398
33.0,42.0,9.0,5.0,3.0,2022-09-02,738400
34.0,41.0,9.0,4.0,3.0,2022-09-03,738401
33.0,39.0,12.0,7.0,2.0,2022-09-05,738403
32.0,40.0,13.0,5.0,4.0,2022-09-06,738404
28.0,40.0,9.0,7.0,4.0,2022-09-09,738407
30.0,48.0,9.0,6.0,4.0,2022-09-12,738410
32.0,44.0,9.0,4.0,2.0,2022-09-14,738412
32.0,42.0,10.0,7.0,2.0,2022-09-14,738412
32.0,42.0,10.0,6.0,2.0,2022-09-20,738418
34.0,42.0,10.0,5.0,3.0,2022-09-20,738418
30.0,40.0,13.0,8.0,1.0,2022-09-22,738420
28.0,40.0,10.0,8.0,4.0,2022-09-23,738421
32.0,40.0,9.0,8.0,3.0,2022-09-23,738421
32.0,42.0,12.0,5.0,4.0,2022-09-23,738421
33.0,45.0,10.0,4.0,3.0,2022-09-25,738423
31.0,44.0,11.0,6.0,2.0,2022-09-26,738424
31.0,44.0,12.0,4.0,2.0,2022-09-27,738425
28.0,45.0,9.0,7.0,3.0,2022-09-27,738425
28.0,45.0,11.0,6.0,3.0,2022-09-28,738426
21.0,54.0,7.0,6.0,4.0,2022-09-29,738427
28.0,49.0,11.0,1.0,2.0,2022-09-29,738427
35.0,39.0,10.0,4.0,3.0,2022-09-29,738427
29.0,46.0,13.0,4.0,4.0,2022-09-29,738427
29.0,48.0,9.0,4.0,2.0,2022-09-29,738427
23.0,55.0,7.0,5.0,3.0,2022-09-30,738428
20.0,50.0,9.0,8.0,3.0,2022-09-30,738428
30.0,47.0,9.0,5.0,3.0,2022-09-30,738428
32.0,44.0,10.0,5.0,4.0,2022-09-30,738428
35.0,39.0,12.0,5.0,4.0,2022-10-01,738429
33.0,39.0,10.0,7.0,4.0,2022-10-03,738431
34.0,39.0,11.0,3.0,3.0,2022-10-05,738433
35.0,36.0,10.0,8.0,4.0,2022-10-05,738433
32.0,36.0,12.0,8.0,4.0,2022-10-06,738434
25.0,54.0,10.0,4.0,3.0,2022-10-10,738438
28.0,49.0,11.0,4.0,4.0,2022-10-11,738439
23.0,51.0,9.0,7.0,3.0,2022-10-13,738441
19.0,53.0,8.0,6.0,4.0,2022-10-13,738441
24.0,53.0,13.0,3.0,2.0,2022-10-13,738441
28.0,49.0,10.0,5.0,2.0,2022-10-14,738442
23.0,51.0,10.0,4.0,3.0,2022-10-14,738442
26.0,47.0,10.0,8.0,2.0,2022-10-14,738442
20.0,56.0,11.0,5.0,2.0,2022-10-17,738445
23.0,55.0,7.0,4.0,3.0,2022-10-17,738445
22.0,52.0,11.0,2.0,3.0,2022-10-19,738447
23.0,52.0,11.0,3.0,2.0,2022-10-20,738448
22.0,57.0,7.0,4.0,3.0,2022-10-20,738448
19.0,55.0,12.0,4.0,4.0,2022-10-20,738448
25.0,51.0,10.0,5.0,3.0,2022-10-24,738452
22.0,56.0,10.0,4.0,3.0,2022-10-24,738452
21.0,54.0,11.0,4.0,4.0,2022-10-24,738452
23.0,55.0,9.0,5.0,4.0,2022-10-27,738455
26.0,49.0,10.0,5.0,5.0,2022-10-28,738456
27.0,51.0,8.0,2.0,1.0,2022-10-28,738456
26.0,51.0,9.0,4.0,3.0,2022-10-31,738459
27.0,50.0,9.0,5.0,3.0,2022-10-31,738459
33.0,37.0,11.0,5.0,4.0,2022-11-01,738460
34.0,40.0,10.0,5.0,2.0,2022-11-03,738462
34.0,42.0,8.0,5.0,4.0,2022-11-04,738463
28.0,43.0,12.0,4.0,3.0,2022-11-07,738466
31.0,42.0,12.0,5.0,5.0,2022-11-07,738466
27.0,50.0,6.0,6.0,3.0,2022-11-14,738473
26.0,50.0,9.0,5.0,4.0,2022-11-14,738473
25.0,48.0,10.0,5.0,5.0,2022-11-16,738475
27.0,48.0,10.0,4.0,5.0,2022-11-17,738476
21.0,48.0,10.0,7.0,5.0,2022-11-18,738477
29.0,50.0,7.0,3.0,2.0,2022-11-18,738477
25.0,51.0,9.0,4.0,4.0,2022-11-20,738479
28.0,49.0,9.0,4.0,5.0,2022-11-21,738480
30.0,45.0,8.0,4.0,5.0,2022-11-24,738483
24.0,44.0,8.0,8.0,5.0,2022-11-25,738484
28.0,46.0,10.0,3.0,3.0,2022-11-26,738485
27.0,47.0,11.0,6.0,5.0,2022-11-28,738487
30.0,48.0,10.0,3.0,4.0,2022-11-28,738487
25.0,48.0,9.0,5.0,5.0,2022-11-29,738488
34.0,37.0,10.0,7.0,4.0,2022-12-04,738493
35.0,42.0,10.0,3.0,3.0,2022-12-09,738498
32.0,45.0,8.0,6.0,4.0,2022-12-13,738502
28.0,48.0,11.0,3.0,4.0,2022-12-13,738502
29.0,46.0,9.0,5.0,4.0,2022-12-15,738504
23.0,49.0,13.0,3.0,2.0,2022-12-19,738508
28.0,45.0,9.0,3.0,5.0,2022-12-23,738512
28.0,48.0,7.0,7.0,3.0,2023-01-13,738533
29.0,46.0,9.0,4.0,4.0,2023-01-29,738549
28.0,49.0,8.0,5.0,5.0,2023-01-29,738549
25.0,48.0,9.0,6.0,5.0,2023-02-03,738554
28.0,45.0,12.0,4.0,5.0,2023-02-04,738555
28.0,45.0,10.0,4.0,5.0,2023-02-13,738564
28.0,48.0,8.0,6.0,3.0,2023-02-13,738564
31.0,45.0,9.0,3.0,4.0,2023-02-19,738570
28.0,45.0,9.0,7.0,5.0,2023-02-20,738571
27.0,49.0,8.0,5.0,5.0,2023-02-22,738573
31.0,46.0,8.0,4.0,5.0,2023-02-27,738578
27.0,47.0,12.0,3.0,5.0,2023-03-01,738580
27.0,48.0,9.0,4.0,5.0,2023-03-04,738583
29.0,45.0,10.0,3.0,5.0,2023-03-04,738583
30.0,47.0,8.0,4.0,5.0,2023-03-15,738594
32.0,48.0,9.0,2.0,3.0,2023-03-15,738594
29.0,46.0,8.0,6.0,4.0,2023-03-16,738595
35.0,45.0,7.0,4.0,3.0,2023-03-17,738596
26.0,47.0,11.0,6.0,5.0,2023-03-18,738597
31.0,46.0,8.0,2.0,4.0,2023-03-18,738597
31.0,46.0,8.0,4.0,5.0,2023-03-22,738601
29.0,45.0,9.0,3.0,4.0,2023-03-26,738605
30.0,45.0,10.0,4.0,4.0,2023-03-26,738605
30.0,46.0,9.0,4.0,5.0,2023-03-29,738608
25.0,51.0,9.0,5.0,3.0,2023-05-03,738643
30.0,45.0,9.0,5.0,5.0,2023-05-04,738644
27.0,49.0,10.0,4.0,4.0,2023-06-01,738672
27.0,46.0,9.0,4.0,5.0,2023-06-02,738673
29.0,47.0,9.0,4.0,5.0,2023-06-02,738673
31.0,45.0,9.0,5.0,3.0,2023-09-01,738764
29.0,45.0,10.0,3.0,4.0,2023-09-03,738766
32.0,43.0,9.0,3.0,5.0,2023-09-03,738766
27.0,50.0,9.0,4.0,4.0,2023-10-03,738796
30.0,45.0,9.0,3.0,5.0,2023-12-03,738857
35.47576970145383,45.571969893638425,9.037883607130382,4.282635365043234,4.769783088840882,2024-12-08,739228
