,id,Constituency,Country/Region,Country,Con Vote,Labour Vote,Liberal Vote,SNP/PC Vote,Alliance Vote,DUP Vote,SDLP Vote,Sinn Fein Vote,UKUP Vote,UU Vote,Other Vote,Unnamed: 28
0,565,ABERAVON,Wales,Wales,0.07883102077134833,0.7132330450741039,0.11342212829852905,0.05805967244112004,,,,,,,0.03645413341489864,
1,570,ABERDEEN CENTRAL,Scotland,Scotland,0.1949685534591195,0.4982311320754717,0.13235624438454627,0.1619216082659479,,,,,,,0.012522461814914645,
2,571,ABERDEEN NORTH,Scotland,Scotland,0.15001952362358453,0.47869321879474164,0.14111675126903553,0.2181179226864506,,,,,,,0.012052583626187687,
3,572,ABERDEEN SOUTH,Scotland,Scotland,0.2637419999092188,0.35270754845445057,0.2763378875221279,0.09756706459080387,,,,,,,0.009645499523398847,
4,573,AIRDRIE & SHOTTS,Scotland,Scotland,0.08887593793254171,0.6182462786236371,0.04174255117651344,0.24399601758092324,,,,,,,0.0071392146863844975,
5,47,ALDERSHOT,South East,England,0.42693579065945225,0.24112204760761574,0.30466658048789497,,,,,,,,0.027275581245037026,
6,295,ALDRIDGE - BROWNHILLS,West Midlands,England,0.47133922794910504,0.4168643519516929,0.11179642009920207,,,,,,,,0.0,
7,435,ALTRINCHAM & SALE WEST,North West,England,0.43157854080568536,0.40251438723880884,0.12620215518906183,,,,,,,,0.039704916766443936,
8,530,ALYN & DEESIDE,Wales,Wales,0.22771049871269192,0.6187422523123868,0.09716792218937732,0.017593210641746924,,,,,,,0.03878611614379708,
9,324,AMBER VALLEY,East Midlands,England,0.3346417161113647,0.5466544956640803,0.07702418986764034,,,,,,,,0.04167959835691465,
10,574,ANGUS,Scotland,Scotland,0.24614634599312843,0.15630513511003807,0.09436809360200575,0.48268177175225185,,,,,,,0.020498653542575913,
11,575,ARGYLL & BUTE,Scotland,Scotland,0.18964165733482644,0.1566629339305711,0.40198768197088464,0.23174692049272116,,,,,,,0.01996080627099664,
12,110,ARUNDEL & SOUTH DOWNS,South East,England,0.530825720240762,0.1826363051989793,0.25743615715760565,,,,,,,,0.02910181740265306,
13,357,ASHFIELD,East Midlands,England,0.20257692231685867,0.6517202537398968,0.09647649348852835,,,,,,,,0.049226330454716125,
14,76,ASHFORD,South East,England,0.4141317321951749,0.31728578145910946,0.19714616414077477,,,,,,,,0.07143632220494087,
15,436,ASHTON UNDER LYNE,North West,England,0.1893824027072758,0.6751057529610829,0.09735617597292724,,,,,,,,0.03815566835871404,
16,15,AYLESBURY,South East,England,0.441776418667686,0.22168745873440596,0.29549640337769745,,,,,,,,0.04103971922021059,
17,576,AYR,Scotland,Scotland,0.3381892930556797,0.4843819823040486,0.04727857717401019,0.12568147287514522,,,,,,,0.004468674591116275,
18,93,BANBURY,South East,England,0.4290456147555008,0.3479964411593608,0.16700886288197653,,,,,,,,0.055949081203161895,
19,577,BANFF & BUCHAN,Scotland,Scotland,0.23804071880133407,0.11814923590024391,0.05968440440041814,0.5577430434566181,,,,,,,0.02638259744138583,
20,140,BARKING ,London,England,0.17601019293775028,0.658233224123286,0.09489139667516078,,,,,,,,0.07086518626380293,
21,386,BARNSLEY CENTRAL,Yorkshire and the Humber,England,0.0983691928189667,0.7699054405920241,0.09540907222146087,,,,,,,,0.03631629436754831,
22,387,BARNSLEY EAST & MEXBOROUGH,Yorkshire and the Humber,England,0.11390331141109958,0.7314872504903658,0.10358832352601823,,,,,,,,0.05102111457251644,
23,388,BARNSLEY WEST & PENISTONE,Yorkshire and the Humber,England,0.1836144806671721,0.5927075435936315,0.18036865049279757,,,,,,,,0.043309325246398786,
24,494,BARROW & FURNESS,North West,England,0.27229939871449305,0.5728799502384408,0.08840970350404313,,,,,,,,0.06641094754302301,
25,30,BASILDON,Eastern,England,0.30831543649448023,0.5584944048830112,0.08680908782638183,,,,,,,,0.046381070796126744,
26,48,BASINGSTOKE ,South East,England,0.4332475625339145,0.39128988779779095,0.17003623378669327,,,,,,,,0.005426315881601289,
27,358,BASSETLAW,East Midlands,England,0.24895314680944147,0.6103622841190809,0.10239370013124727,,,,,,,,0.03829086894023041,
28,214,BATH ,South West,England,0.31210061308785125,0.16351479004982497,0.48470984830243197,,,,,,,,0.03967474855989183,
29,401,BATLEY & SPEN,Yorkshire and the Humber,England,0.36350473757053126,0.4942616842329394,0.08800170339614606,,,,,,,,0.054231874800383266,
30,141,BATTERSEA,London,England,0.39426545983923034,0.5073527860413106,0.07346456526784395,,,,,,,,0.02491718885161508,
31,16,BEACONSFIELD,South East,England,0.49220135057070574,0.20045417421963707,0.21358140276090118,,,,,,,,0.09376307244875601,
32,142,BECKENHAM,London,England,0.4247286108555658,0.3335970561177553,0.1813799448022079,,,,,,,,0.06029438822447102,
33,1,BEDFORD,Eastern,England,0.336588754494933,0.5061703170970906,0.12348806799607714,,,,,,,,0.033752860411899316,
34,642,BELFAST EAST,Northern Ireland,Northern Ireland,,,,,0.23797688897998923,0.42634963744907634,0.01611622127136232,0.0207537984575572,,0.2532988290758154,0.04550462476619949,
35,643,BELFAST NORTH,Northern Ireland,Northern Ireland,,,,,0.05358004438869053,,0.20394673357135965,0.20204091479301362,,0.5181414648267876,0.022290842420148605,
36,644,BELFAST SOUTH,Northern Ireland,Northern Ireland,,,,,0.1294701651301793,,0.2431617870529835,0.05113463681491237,,0.35966467429845,0.21656873670347482,
37,645,BELFAST WEST,Northern Ireland,Northern Ireland,,,,,,,0.38690203770295306,0.5592677345537758,,0.03391086411681377,0.019919363626457447,
38,513,BERWICK-UPON-TWEED,North East,England,0.24055689783029927,0.2623017486783245,0.4546802861038681,,,,,,,,0.04246106738750807,
39,143,BETHNAL GREEN & BOW,London,England,0.21064410724676605,0.4632066604001611,0.11998120048341614,,,,,,,,0.20616803186965668,
40,368,BEVERLEY & HOLDERNESS,Yorkshire and the Humber,England,0.4116516310760915,0.3886034029918922,0.18440485706672757,,,,,,,,0.01534010886528872,
41,22,BEXHILL & BATTLE,South East,England,0.481079315834592,0.18096093399191737,0.25452096175041844,,,,,,,,0.08343878842307222,
42,144,BEXLEYHEATH & CRAYFORD,London,England,0.38419426414781327,0.4550110942911059,0.11179312776061216,,,,,,,,0.04900151380046865,
43,31,BILLERICAY,Eastern,England,0.3975640562973656,0.3730963551064598,0.15811981234211475,,,,,,,,0.07121977625405991,
44,478,BIRKENHEAD,North West,England,0.15212471072908984,0.7076011494545177,0.09022709355847723,,,,,,,,0.050047046257915215,
45,296,"BIRMINGHAM, EDGBASTON",West Midlands,England,0.386093056845146,0.48600020633446817,0.09679149901991127,,,,,,,,0.03111523780047457,
46,297,"BIRMINGHAM, ERDINGTON",West Midlands,England,0.2748781151780632,0.5881159205088228,0.10176454574702402,,,,,,,,0.03524141856609003,
47,298,"BIRMINGHAM, HALL GREEN",West Midlands,England,0.33362825509935673,0.5349721418493986,0.09646333006528134,,,,,,,,0.034936272985963315,
48,299,"BIRMINGHAM, HODGE HILL",West Midlands,England,0.24007965560664188,0.6559287785164143,0.08466336720648959,,,,,,,,0.019328198670454214,
49,300,"BIRMINGHAM, LADYWOOD",West Midlands,England,0.13302788529899676,0.7408168101745793,0.07952181583590068,,,,,,,,0.04663348869052321,
50,301,"BIRMINGHAM, NORTHFIELD",West Midlands,England,0.2798929132236724,0.5744587741653152,0.10497593121733982,,,,,,,,0.040672381393672616,
51,302,"BIRMINGHAM, PERRY BARR",West Midlands,England,0.2171421099657855,0.6302656525813412,0.09856822193649617,,,,,,,,0.054024015516377186,
52,303,"BIRMINGHAM, SELLY OAK",West Midlands,England,0.27760633036597426,0.5563006923837784,0.12108803165182987,,,,,,,,0.04500494559841741,
53,304,"BIRMINGHAM, SPARKBROOK & SMALL HEATH",West Midlands,England,0.17514665389680353,0.6426673051598228,0.09311624566024183,,,,,,,,0.0890697952831318,
54,305,"BIRMINGHAM, YARDLEY",West Midlands,England,0.17826236536374943,0.4704792653558102,0.329822425701961,,,,,,,,0.02143594357847937,
55,506,BISHOP AUCKLAND,North East,England,0.20184143666804194,0.659247356192048,0.0932227313196239,,,,,,,,0.045688475820286206,
56,334,BLABY,East Midlands,England,0.4583434403746758,0.3375440822495475,0.1492918851342526,,,,,,,,0.05482059224152408,
57,463,BLACKBURN,North West,England,0.24613117170228446,0.5503947783977261,0.10506369091483314,,,,,,,,0.09841035898515633,
58,464,BLACKPOOL NORTH & FLEETWOOD,North West,England,0.3554550867009005,0.5218984892461115,0.0855845798913448,,,,,,,,0.03706184416164322,
59,465,BLACKPOOL SOUTH,North West,England,0.3440981690689521,0.5703544994156603,0.08554733151538761,,,,,,,,0.0,
60,541,BLAENAU GWENT,Wales,Wales,0.06578349735049205,0.7946757506939187,0.08725712843805199,0.05228362351753722,,,,,,,0.0,
61,517,BLAYDON,North East,England,0.13169297768100163,0.5995645073489385,0.23799673380511704,,,,,,,,0.03074578116494284,
62,514,BLYTH VALLEY,North East,England,0.1333741349277341,0.6420601666588202,0.2245656984134457,,,,,,,,0.0,
63,111,BOGNOR REGIS & LITTLEHAMPTON,South East,England,0.442197963094546,0.28456387399608124,0.24014383222444718,,,,,,,,0.03309433068492561,
64,325,BOLSOVER,East Midlands,England,0.1671236343695955,0.7397182266841017,0.09315813894630277,,,,,,,,,
65,437,BOLTON NORTH EAST,North West,England,0.303859207023391,0.5613225760562521,0.09880708029345418,,,,,,,,0.036011136626902675,
66,438,BOLTON SOUTH EAST,North West,England,0.1971210408544603,0.688735610971418,0.0877759579229048,,,,,,,,0.026367390251216868,
67,439,BOLTON WEST,North West,England,0.35130187144019526,0.4951586655817738,0.10799430431244915,,,,,,,,0.04554515866558177,
68,479,BOOTLE,North West,England,0.0849488527849724,0.8285063966721607,0.057321507992569916,,,,,,,,0.02922324255029694,
69,344,BOSTON & SKEGNESS,East Midlands,England,0.42405634044745993,0.4101644694464723,0.16577919010606776,,,,,,,,0.0,
70,335,BOSWORTH,East Midlands,England,0.40628535271221217,0.3865932928115353,0.17795716449676913,,,,,,,,0.029164189979483442,
71,240,BOURNEMOUTH EAST,South West,England,0.4143718916927611,0.211387916743415,0.3143995210904402,,,,,,,,0.05984067047338368,
72,241,BOURNEMOUTH WEST,South West,England,0.4167072458122322,0.24573918971562134,0.2776830931047916,,,,,,,,0.05987047136735489,
73,7,BRACKNELL,South East,England,0.4735577329881031,0.2977780034184563,0.1543720701968151,,,,,,,,0.07429219339662554,
74,402,BRADFORD NORTH,Yorkshire and the Humber,England,0.25594939730278077,0.5607590404582886,0.14519632414369257,,,,,,,,0.0380952380952381,
75,403,BRADFORD SOUTH,Yorkshire and the Humber,England,0.2801278352345865,0.5672244662435084,0.11303209197034933,,,,,,,,0.03961560655155577,
76,404,BRADFORD WEST,Yorkshire and the Humber,England,0.3303853581460674,0.41546699438202245,0.14784497893258428,,,,,,,,0.10630266853932584,
77,32,BRAINTREE,Eastern,England,0.4008564848135886,0.4269648769252915,0.11548150280696703,,,,,,,,0.05669713545415287,
78,558,BRECON & RADNORSHIRE,Wales,Wales,0.2896154474009468,0.2664116974883981,0.4084792798675404,0.014505258739301788,,,,,,,0.020988316503812877,
79,145,BRENT EAST,London,England,0.22300975277840782,0.6732819233386256,0.0779938761623951,,,,,,,,0.02571444772057156,
80,146,BRENT NORTH,London,England,0.4014250537014722,0.5067061350657516,0.08131188767223765,,,,,,,,0.010556923560538587,
81,147,BRENT SOUTH,London,England,0.15911067308249754,0.7298973853556728,0.07739579106035133,,,,,,,,0.03359615050147834,
82,148,BRENTFORD & ISLEWORTH,London,England,0.3175380778480449,0.574490068584662,0.08217689498530328,,,,,,,,0.025794958581989845,
83,33,BRENTWOOD & ONGAR,Eastern,England,0.4540275204037377,0.2214051965461499,0.2630012222528881,,,,,,,,0.061566060797224306,
84,551,BRIDGEND,Wales,Wales,0.22808071935461502,0.5805459883035529,0.11483784471001594,0.03811747301264418,,,,,,,0.038417974619172006,
85,254,BRIDGWATER,South West,England,0.3693383618322288,0.24750100692028854,0.3364578375013731,,,,,,,,0.046702793746109625,
86,369,BRIGG & GOOLE,Yorkshire and the Humber,England,0.3654544677577881,0.5019657279603436,0.10025212597752232,,,,,,,,0.03232767830434597,
87,23,"BRIGHTON, KEMPTOWN",South East,England,0.3889924564293766,0.46559871672591696,0.0970692794589439,,,,,,,,0.04833954738576259,
88,24,"BRIGHTON, PAVILION",South East,England,0.2769299912157055,0.5461992604849748,0.0948703805846663,,,,,,,,0.08200036771465342,
89,215,BRISTOL EAST,South West,England,0.23358436546959607,0.5688263728968279,0.14773552415924981,,,,,,,,0.04985373747432626,
90,216,BRISTOL NORTH WEST,South West,England,0.2931124988686759,0.4991401936826862,0.1314689112136845,,,,,,,,0.07627839623495339,
91,217,BRISTOL SOUTH,South West,England,0.21183738141559197,0.5994905633887563,0.13419843959967107,,,,,,,,0.054473615595980664,
92,218,BRISTOL WEST,South West,England,0.3284589965038872,0.3522932264810587,0.2801839051100717,,,,,,,,0.03906387190498236,
93,149,BROMLEY & CHISLEHURST,London,England,0.46319541886305887,0.2523796882703174,0.237589593841253,,,,,,,,0.0468352990253707,
94,265,BROMSGROVE,West Midlands,England,0.47113305394492605,0.3784182023460972,0.11864439213885221,,,,,,,,0.031804351570124574,
95,64,BROXBOURNE,Eastern,England,0.4885899182561308,0.3469644073569482,0.11303644414168937,,,,,,,,0.051409230245231606,
96,359,BROXTOWE,East Midlands,England,0.3744259249703287,0.4703201059566197,0.11927000017200749,,,,,,,,0.035983968901044085,
97,17,BUCKINGHAM,South East,England,0.497874407870764,0.24713551155917243,0.2464674683185554,,,,,,,,0.008522612251508159,
98,466,BURNLEY,North West,England,0.20218808708144545,0.5792905293402586,0.17409658525803956,,,,,,,,0.044424798320256385,
99,278,BURTON,West Midlands,England,0.39404890755994204,0.5101722588101484,0.08469850121993726,,,,,,,,0.0110803324099723,
100,440,BURY NORTH,North West,England,0.37522024231195394,0.5181007392875956,0.08239333006375674,,,,,,,,0.02428568833669373,
101,441,BURY SOUTH,North West,England,0.3230973837786335,0.5688594227639049,0.08390567311127874,,,,,,,,0.02413752034618286,
102,133,BURY ST EDMUNDS,Eastern,England,0.38343088698784333,0.37680324178298064,0.1819360648356596,,,,,,,,0.05782980639351643,
103,547,CAERNARFON,Wales,Wales,0.12257316719791365,0.29461025789626194,0.04885540423065778,0.5104607360185454,,,,,,,0.02350043465662127,
104,552,CAERPHILLY,Wales,Wales,0.10731405597649606,0.6781020124146767,0.0822638008350085,0.09682122423733681,,,,,,,0.03549890653648192,
105,578,"CAITHNESS, SUTHERLAND & EASTER ROSS",Scotland,Scotland,0.10791169614699027,0.2784176607706019,0.35585492938434116,0.23001508295625941,,,,,,,0.027800630741807213,
106,405,CALDER VALLEY,Yorkshire and the Humber,England,0.3505649417348493,0.46133956717316615,0.14738072468388055,,,,,,,,0.040714766408103994,
107,150,CAMBERWELL & PECKHAM,London,England,0.11570451822090647,0.695495876506661,0.1127088179319095,,,,,,,,0.07609078734052302,
108,118,CAMBRIDGE,Eastern,England,0.25904283293402675,0.5344085393170884,0.16141724614815248,,,,,,,,0.045131381600732386,
109,279,CANNOCK CHASE,West Midlands,England,0.27168391704541117,0.5481610205094909,0.08664018638047588,,,,,,,,0.09351487606462208,
110,77,CANTERBURY,South East,England,0.38649762516402075,0.31323809347797965,0.23755752277809605,,,,,,,,0.06270675857990353,
111,560,CARDIFF CENTRAL,Wales,Wales,0.20045913899604761,0.4369867228362483,0.2494734101720588,0.035595105672969966,,,,,,,0.07748562232267531,
112,561,CARDIFF NORTH,Wales,Wales,0.33686685365451247,0.5044547104438212,0.10918165319254249,0.02476901501402409,,,,,,,0.02472776769509982,
113,562,CARDIFF SOUTH & PENARTH,Wales,Wales,0.20711928335690713,0.5338755304101839,0.09344648750589345,0.031966053748231964,,,,,,,0.1335926449787836,
114,563,CARDIFF WEST,Wales,Wales,0.21523450108002085,0.603247510986419,0.10839933460784071,0.04838989994289545,,,,,,,0.024728753382823945,
115,495,CARLISLE,North West,England,0.28988465154677,0.5740133464810696,0.10493728071181233,,,,,,,,0.03116472126034811,
116,536,CARMARTHEN EAST & DINEFWR,Wales,Wales,0.1203393079651107,0.42909517875970477,0.07548164478098342,0.346424805904342,,,,,,,0.0286590625898591,
117,537,CARMARTHEN WEST & SOUTH PEMBROKESHIRE,Wales,Wales,0.26582397223329657,0.4914518890269928,0.0824558523486785,0.12668558429680354,,,,,,,0.03358270209422856,
118,579,"CARRICK, CUMNOCK & DOON VALLEY",Scotland,Scotland,0.16953082101238534,0.597872729861097,0.05314107909133432,0.16656159118179414,,,,,,,0.012893778853389192,
119,151,CARSHALTON & WALLINGTON,London,England,0.335026743489664,0.23883278607273403,0.38184333890919603,,,,,,,,0.04429713152840592,
120,34,CASTLE POINT,Eastern,England,0.40090637552786074,0.42445153980842515,0.09222370995983109,,,,,,,,0.082418374703883,
121,580,CENTRAL FIFE,Scotland,Scotland,0.09000367962713111,0.586581626395192,0.06402551208144242,0.25019011406844105,,,,,,,0.00919906782779345,
122,134,CENTRAL SUFFOLK & NORTH IPSWICH,Eastern,England,0.4258182988470931,0.3588398992862957,0.20608447077977396,,,,,,,,0.009257331086837173,
123,538,CEREDIGION,Wales,Wales,0.1488826954660827,0.24304484148708505,0.16463444980839098,0.41626437067635497,,,,,,,0.0271736425620863,
124,336,CHARNWOOD,East Midlands,England,0.46481405657522296,0.35978138963559003,0.1286027094867641,,,,,,,,0.046801844302422874,
125,78,CHATHAM & AYLESFORD,South East,England,0.3743007668680458,0.4310530705233824,0.15030206871300422,,,,,,,,0.04434409389556763,
126,442,CHEADLE,North West,England,0.4373367897375293,0.1573108667060595,0.3765510931513638,,,,,,,,0.028801250405047368,
127,248,CHELTENHAM,South West,England,0.36244359183348906,0.1013856032443393,0.4945430690018488,,,,,,,,0.041627735920322845,
128,18,CHESHAM & AMERSHAM,South East,England,0.503822058739008,0.19617985707990881,0.2383087150602525,,,,,,,,0.0616893691208307,
129,424,"CHESTER, CITY OF",North West,England,0.3422329665641609,0.5298185114741276,0.09515260323159784,,,,,,,,0.03279591873011359,
130,326,CHESTERFIELD,East Midlands,England,0.09247115141372668,0.5079880908365604,0.3956099554379342,,,,,,,,0.003930802311778786,
131,112,CHICHESTER,South East,England,0.4642428153964754,0.17219742196884133,0.2897326951003066,,,,,,,,0.07382706753437673,
132,152,CHINGFORD & WOODFORD GREEN,London,England,0.47491450683945285,0.3463597912167027,0.1549001079913607,,,,,,,,0.023825593952483803,
133,153,CHIPPING BARNET,London,England,0.4300817108846969,0.4092000403510542,0.12349440129123374,,,,,,,,0.037223847473015235,
134,467,CHORLEY,North West,England,0.3593560461650435,0.5303954528125325,0.08491318060513638,,,,,,,,0.02533532041728763,
135,242,CHRISTCHURCH,South West,England,0.4643321055534796,0.06911155002758056,0.42580828840370827,,,,,,,,0.040748056015231585,
136,154,CITIES OF LONDON & WESTMINSTER,London,England,0.47269331341053417,0.35113933507657824,0.12284896027891919,,,,,,,,0.05331839123396837,
137,370,CLEETHORPES,Yorkshire and the Humber,England,0.33447585837972776,0.516276028767856,0.11384304479622769,,,,,,,,0.035405068056188455,
138,531,CLWYD SOUTH ,Wales,Wales,0.23083563974303634,0.5814945534875454,0.09354289922047584,0.06347916613767361,,,,,,,0.03064774141126882,
139,532,CLWYD WEST ,Wales,Wales,0.32466403358422136,0.3705690935737884,0.12795290260078993,0.13465981071614874,,,,,,,0.04215415952505154,
140,581,CLYDEBANK & MILNGAVIE,Scotland,Scotland,0.12498081154377526,0.5521926009312798,0.10453870951235737,0.2114056183799826,,,,,,,0.006882259632605025,
141,582,CLYDESDALE,Scotland,Scotland,0.16286444111688542,0.5253897648198714,0.08359024046507531,0.22130714348630318,,,,,,,0.006848410111864705,
142,583,COATBRIDGE & CHRYSTON,Scotland,Scotland,0.08551144672817676,0.6831875348985615,0.05445505065276928,0.1702252120503071,,,,,,,0.006620755670185328,
143,35,COLCHESTER,Eastern,England,0.31352151674806755,0.30556089681959775,0.34392185517055723,,,,,,,,0.036995731261777486,
144,406,COLNE VALLEY,Yorkshire and the Humber,England,0.3269752353264434,0.41277410434135187,0.226108383116768,,,,,,,,0.03414227721543671,
145,425,CONGLETON,North West,England,0.4120708375453967,0.2754315024897974,0.29731551162529485,,,,,,,,0.015182148339511026,
146,548,CONWY,Wales,Wales,0.2426612127045236,0.3503609239653513,0.31195861405197306,0.06843118383060635,,,,,,,0.026588065447545717,
147,496,COPELAND,North West,England,0.2918327415030075,0.5816121941203469,0.09213228011691668,,,,,,,,0.034422784259728965,
148,351,CORBY,East Midlands,England,0.33411790870507996,0.5539225679707915,0.07496710343421613,,,,,,,,0.03699241988991234,
149,249,COTSWOLD,South West,England,0.46356683163474893,0.22706911054165607,0.22951428962657225,,,,,,,,0.07984976819702275,
150,306,COVENTRY NORTH EAST,West Midlands,England,0.193137152958303,0.6624935010918166,0.08039929291878964,,,,,,,,0.06397005303109078,
151,307,COVENTRY NORTH WEST,West Midlands,England,0.26324509406870145,0.5688487169102757,0.10474577519237141,,,,,,,,0.06316041382865137,
152,308,COVENTRY SOUTH,West Midlands,England,0.29043970952038944,0.508957784693959,0.09211156332295906,,,,,,,,0.10849094246269252,
153,113,CRAWLEY,South East,England,0.31820616062042567,0.5504095840688656,0.08213499414879902,,,,,,,,0.049249261161909676,
154,426,CREWE & NANTWICH,North West,England,0.2699733227941903,0.5821559134472878,0.11737970556269144,,,,,,,,0.03049105819583045,
155,480,CROSBY,North West,England,0.348134387530867,0.5108402618880405,0.11508574794408827,,,,,,,,0.025939602637004146,
156,155,CROYDON CENTRAL,London,England,0.38593881610781555,0.4557787773974444,0.10862201831574042,,,,,,,,0.04966038817899962,
157,156,CROYDON NORTH,London,England,0.2715598424747446,0.62157791602458,0.07735479329566425,,,,,,,,0.029507448205011128,
158,157,CROYDON SOUTH,London,England,0.47323751360726213,0.2531227513422757,0.21109245558036127,,,,,,,,0.06254727947010093,
159,584,CUMBERNAULD & KILSYTH,Scotland,Scotland,0.06776038196757717,0.5868587608261159,0.0379746835443038,0.2779535864978903,,,,,,,0.029452587164112812,
160,585,CUNNINGHAME NORTH,Scotland,Scotland,0.23455469376838728,0.5029541199640156,0.05521651389530501,0.1843954387415206,,,,,,,0.022879233630771476,
161,586,CUNNINGHAME SOUTH,Scotland,Scotland,0.10075047962983862,0.627271188353459,0.04525448594966708,0.20776436068163864,,,,,,,0.01895948538539668,
162,553,CYNON VALLEY,Wales,Wales,0.06762013045299503,0.6973550356052899,0.10349470408712824,0.10627730237568069,,,,,,,0.02525282747890611,
163,158,DAGENHAM,London,England,0.1854105024472527,0.6569974836158504,0.07477255758648342,,,,,,,,0.0828194563504134,
164,507,DARLINGTON,North East,England,0.28300085109916345,0.6156560729039088,0.07230191185934029,,,,,,,,0.029041164137587446,
165,79,DARTFORD,South East,England,0.4025826783758335,0.4857510713119007,0.09362209112396472,,,,,,,,0.01804415918830108,
166,352,DAVENTRY,East Midlands,England,0.4634008097165992,0.343919028340081,0.14952226720647774,,,,,,,,0.0431578947368421,
167,533,DELYN,Wales,Wales,0.26034558931814833,0.5718914142653773,0.1021059349074665,0.0382406361985175,,,,,,,0.027416425310490402,
168,443,DENTON & REDDISH,North West,England,0.21321933859907993,0.6539579897578335,0.13282267164308653,,,,,,,,0.0,
169,327,DERBY NORTH,East Midlands,England,0.342500400762339,0.5315711664855814,0.09010918547281051,,,,,,,,0.03581924727926901,
170,328,DERBY SOUTH,East Midlands,England,0.25179953298983,0.5626121692815377,0.1435380844863853,,,,,,,,0.04205021324224705,
171,259,DEVIZES,South West,England,0.4282430541674995,0.24237124392031448,0.2653074821773603,,,,,,,,0.06407821973482578,
172,407,DEWSBURY,Yorkshire and the Humber,England,0.3009402205455601,0.49416134648868254,0.10265815438189205,,,,,,,,0.10224027858386535,
173,389,DON VALLEY,Yorkshire and the Humber,England,0.2460454117593039,0.582592924214248,0.09729779369561724,,,,,,,,0.07406387033083087,
174,390,DONCASTER CENTRAL,Yorkshire and the Humber,England,0.20959944751381215,0.6206491712707183,0.09417587476979743,,,,,,,,0.0755755064456722,
175,391,DONCASTER NORTH,Yorkshire and the Humber,England,0.14806458082631369,0.6980294825511432,0.08446149217809867,,,,,,,,0.06944444444444445,
176,80,DOVER,South East,England,0.32833948339483393,0.5449261992619926,0.07937269372693727,,,,,,,,0.047361623616236165,
177,309,DUDLEY NORTH,West Midlands,England,0.31404785809906294,0.5118599397590361,0.08239206827309237,,,,,,,,0.09170013386880857,
178,310,DUDLEY SOUTH,West Midlands,England,0.2942883386914951,0.5662394054527995,0.10884722976076155,,,,,,,,0.030625026094943844,
179,159,DULWICH & WEST NORWOOD,London,England,0.24198180423106433,0.6096021045708648,0.10777156637071139,,,,,,,,0.04064452482735942,
180,587,DUMBARTON,Scotland,Scotland,0.17649767351686702,0.49607405971306706,0.07619232260566111,0.23233326870880186,,,,,,,0.01890267545560295,
181,588,DUMFRIES,Scotland,Scotland,0.280352131160781,0.47505401094352573,0.11078805500030287,0.1206816483938054,,,,,,,0.013124154501584995,
182,589,DUNDEE EAST,Scotland,Scotland,0.15784149230161865,0.5112021318594552,0.041378799842084486,0.2654214370311883,,,,,,,0.024156138965653374,
183,590,DUNDEE WEST,Scotland,Scotland,0.13154843198392044,0.5379184167804778,0.07658412142139305,0.23232921895534311,,,,,,,0.02161981085886567,
184,591,DUNFERMLINE EAST,Scotland,Scotland,0.09993712926769265,0.6680972036191674,0.05915315857092092,0.1555367247081978,,,,,,,0.017275783834021268,
185,592,DUNFERMLINE WEST,Scotland,Scotland,0.12642037657133448,0.53076796398968,0.13621891639677225,0.19168908162705164,,,,,,,0.014903661415161662,
186,508,"DURHAM, CITY OF",North East,England,0.17498727994301413,0.6329907397985143,0.15262033173908618,,,,,,,,0.039401648519385365,
187,161,EALING NORTH ,London,England,0.37224993719269284,0.5366256325593081,0.06975200086135735,,,,,,,,0.021372429386641783,
188,162,EALING SOUTHALL,London,England,0.2080450935178068,0.6001061454558765,0.10407744958090846,,,,,,,,0.0877713114454083,
189,160,"EALING, ACTON & SHEPHERD'S BUSH",London,England,0.25804706518799025,0.5836749131312291,0.10742597948440523,,,,,,,,0.05085204219637544,
190,509,EASINGTON,North East,England,0.08564267812388113,0.8020050125313283,0.07220432032462108,,,,,,,,0.04014798902016947,
191,646,EAST ANTRIM,Northern Ireland,Northern Ireland,,,,,0.20173523160683612,0.19454391941072,0.045884647858619385,0.015809240981745132,,0.38774856610475444,0.15427839403732496,
192,229,EAST DEVON,South West,England,0.4338566942620611,0.17683889999048436,0.2912360833571225,,,,,,,,0.0980683223903321,
193,163,EAST HAM,London,England,0.16097169645767004,0.6462683947955576,0.06515580736543909,,,,,,,,0.1276041013813332,
194,49,EAST HAMPSHIRE,South East,England,0.48043971924029727,0.17108794384805945,0.28105216074869255,,,,,,,,0.06742017616295073,
195,593,EAST KILBRIDE,Scotland,Scotland,0.12015329125338142,0.5652922370686122,0.07228051479629478,0.2090335273383064,,,,,,,0.0332404295434052,
196,647,EAST LONDONDERRY,Northern Ireland,Northern Ireland,,,,,0.06369744370374258,0.25625951393627633,0.2171277098315049,0.090887617447903,,0.3558343394047557,0.016193375675817544,
197,594,EAST LOTHIAN,Scotland,Scotland,0.19939215325105913,0.5268235402468227,0.10533707865168539,0.15714219930005527,,,,,,,0.011305028550377601,
198,99,EAST SURREY,South East,England,0.5011160714285714,0.21174253512880561,0.22497072599531617,,,,,,,,0.062170667447306795,
199,114,EAST WORTHING & SHOREHAM,South East,England,0.40458414939207665,0.23919408947235743,0.3057263084411177,,,,,,,,0.05049545269444822,
200,371,EAST YORKSHIRE,Yorkshire and the Humber,England,0.42686487921422883,0.3587225092401625,0.1852116558779686,,,,,,,,0.02920095566764003,
201,25,EASTBOURNE,South East,England,0.4211935367497674,0.124859969240701,0.38333301687964,,,,,,,,0.07061347712989158,
202,50,EASTLEIGH,South East,England,0.33695534652394854,0.2681911558006271,0.35054240098028616,,,,,,,,0.04431109669513821,
203,595,EASTWOOD,Scotland,Scotland,0.33548955063921,0.397420194442318,0.1169333231263875,0.13063614789864503,,,,,,,0.019520783893439485,
204,444,ECCLES,North West,England,0.18717443641934778,0.6668417596848326,0.10735390676296783,,,,,,,,0.03862989713285183,
205,427,EDDISBURY,North West,England,0.4252173913043478,0.40125379170879677,0.13225480283114258,,,,,,,,0.04127401415571284,
206,596,EDINBURGH CENTRAL,Scotland,Scotland,0.21188721188721188,0.47092547092547093,0.13115713115713115,0.15795015795015796,,,,,,,0.02808002808002808,
207,597,EDINBURGH EAST & MUSSELBURGH,Scotland,Scotland,0.15392468778194596,0.5357329407854124,0.10710385108504678,0.19074979818604873,,,,,,,0.012488722161546133,
208,598,EDINBURGH NORTH & LEITH,Scotland,Scotland,0.1785810233239712,0.4691415313225058,0.13029673952863596,0.20102576627182805,,,,,,,0.020954939553058983,
209,599,EDINBURGH PENTLANDS,Scotland,Scotland,0.3238380481832889,0.4301298587731188,0.10001748939705303,0.1301211140745923,,,,,,,0.015893489571947007,
210,600,EDINBURGH SOUTH,Scotland,Scotland,0.21278825995807127,0.46819661893929254,0.17643516659975914,0.12915384272269056,,,,,,,0.01342611178018645,
211,601,EDINBURGH WEST,Scotland,Scotland,0.27975478154983097,0.18786084692742122,0.43202956058029435,0.0883878146585207,,,,,,,0.011966996283932732,
212,164,EDMONTON,London,England,0.3023551451893483,0.6028145769213613,0.06349524956510103,,,,,,,,0.0313350283241893,
213,428,ELLESMERE PORT & NESTON,North West,England,0.29060365656450354,0.5956661529973556,0.08890284040104256,,,,,,,,0.02482735003709834,
214,408,ELMET,Yorkshire and the Humber,England,0.36175247250207965,0.5240410389130233,0.08671781125797208,,,,,,,,0.027488677326924855,
215,165,ELTHAM,London,England,0.3115040987381413,0.5459611310675141,0.0852215160725799,,,,,,,,0.05731325412176476,
216,166,ENFIELD NORTH,London,England,0.3634647255029474,0.5065766011453985,0.08945016677505296,,,,,,,,0.04050850657660115,
217,167,"ENFIELD, SOUTHGATE",London,England,0.41125652762555603,0.4420518771624439,0.10671996217737949,,,,,,,,0.03997163303462059,
218,36,EPPING FOREST,Eastern,England,0.4549776444620522,0.3558963910426925,0.13345407210368443,,,,,,,,0.05567189239157092,
219,100,EPSOM & EWELL,South East,England,0.45619313043317766,0.243480186781344,0.228493383289345,,,,,,,,0.07183329949613333,
220,329,EREWASH,East Midlands,England,0.36562365341907255,0.5170207829228678,0.08586628658556797,,,,,,,,0.031489277072491634,
221,168,ERITH & THAMESMEAD,London,England,0.2016976458989588,0.6206747300839205,0.12025392550556664,,,,,,,,0.05737369851155409,
222,101,ESHER & WALTON,South East,England,0.4983882087688896,0.22768181564089665,0.20379376525611642,,,,,,,,0.07013621033409731,
223,230,EXETER,South West,England,0.2859983188930557,0.4752036725720936,0.18020173283331178,,,,,,,,0.05859627570153886,
224,602,FALKIRK EAST,Scotland,Scotland,0.13975573400009617,0.5612347934798289,0.051762273404818,0.2394335721498293,,,,,,,0.007813626965427705,
225,603,FALKIRK WEST,Scotland,Scotland,0.12090174615585092,0.5934844930935627,0.05134219442272609,0.2342715663278603,,,,,,,0.0,
226,224,FALMOUTH & CAMBORNE,South West,England,0.28831667661097854,0.33843600835322196,0.25193914081145585,,,,,,,,0.12130817422434367,
227,51,FAREHAM,South East,England,0.4683289572033655,0.26981236943480846,0.19614006171301532,,,,,,,,0.06571861164881078,
228,81,FAVERSHAM & MID KENT,South East,England,0.44381728016772165,0.35969439180744267,0.12373503205257429,,,,,,,,0.07275329597226142,
229,169,FELTHAM & HESTON,London,England,0.26947083932133586,0.5970699899187062,0.09146092962398919,,,,,,,,0.04199824113596877,
230,648,FERMANAGH & SOUTH TYRONE,Northern Ireland,Northern Ireland,,,,,0.02023193207703458,,0.22903292607165043,0.23139366328432387,,0.5148477945744461,0.00449368399254504,
231,170,FINCHLEY & GOLDERS GREEN,London,England,0.3973879855285652,0.4607800262394148,0.11271021349342027,,,,,,,,0.029121774738599768,
232,82,FOLKESTONE & HYTHE,South East,England,0.39025936599423633,0.2485878962536023,0.2686071085494717,,,,,,,,0.09254562920268972,
233,250,FOREST OF DEAN,South West,England,0.35589032360911843,0.4822851904989638,0.12284791965566715,,,,,,,,0.0389765662362506,
234,649,FOYLE,Northern Ireland,Northern Ireland,,,,,0.01708668827773711,0.21520443375509776,0.5251280978772351,0.2393600334623026,,,0.0032207466276273134,
235,468,FYLDE,North West,England,0.4886588434132944,0.3165152591852805,0.14613862907407763,,,,,,,,0.048687268327347454,
236,345,GAINSBOROUGH,East Midlands,England,0.43085195413842164,0.28803665578709514,0.2811113900744832,,,,,,,,0.0,
237,604,GALLOWAY & UPPER NITHSDALE,Scotland,Scotland,0.3052263315721834,0.1632871626445809,0.06425817506782808,0.4390737303060593,,,,,,,0.028154600409348373,
238,518,GATESHEAD EAST & WASHINGTON WEST,North East,England,0.14152410575427682,0.7206657227083866,0.10728627469185952,,,,,,,,0.030523896845477124,
239,360,GEDLING,East Midlands,England,0.3946783222145541,0.4675638371290545,0.09930220075147611,,,,,,,,0.03845563990491527,
240,83,GILLINGHAM,South East,England,0.35923287887457334,0.39829923248426496,0.19037941716157292,,,,,,,,0.05208847147958882,
241,605,GLASGOW ANNIESLAND,Scotland,Scotland,0.11455473892381711,0.6184066826057439,0.07240473449629564,0.1711089465450574,,,,,,,0.023524897429085864,
242,606,GLASGOW BAILLIESTON,Scotland,Scotland,0.07748092801305999,0.6569239946001947,0.03820676231438169,0.19103381157190846,,,,,,,0.036354503500455215,
243,607,GLASGOW CATHCART,Scotland,Scotland,0.12722371967654986,0.5737646001796946,0.06894279724468404,0.18547469302186284,,,,,,,0.04459418987720874,
244,608,GLASGOW GOVAN,Scotland,Scotland,0.08804465808652505,0.44087455419444876,0.05948209024654985,0.35050395410141105,,,,,,,0.06109474337106528,
245,609,GLASGOW KELVIN,Scotland,Scotland,0.10837875911067557,0.5096772217798738,0.14175904942732898,0.21369510626569485,,,,,,,0.026489863416426777,
246,610,GLASGOW MARYHILL,Scotland,Scotland,0.05877998721442751,0.6494061438040443,0.07129638975808351,0.1694761279903099,,,,,,,0.05104135123313482,
247,611,GLASGOW POLLOK,Scotland,Scotland,0.06033168709225047,0.5991402963233949,0.034662520578013535,0.17870861532833363,,,,,,,0.12715688067800743,
248,612,GLASGOW RUTHERGLEN,Scotland,Scotland,0.09256496157202782,0.5751527265561217,0.14546324709326877,0.15267025140057994,,,,,,,0.03414881337800175,
249,613,GLASGOW SHETTLESTON,Scotland,Scotland,0.055346287248722634,0.7315854249804199,0.03957035766232798,0.13978294111065528,,,,,,,0.03371498899787417,
250,614,GLASGOW SPRINGBURN,Scotland,Scotland,0.0599486968363049,0.7136206732748519,0.0427209677930139,0.16493017069385946,,,,,,,0.01877949140196979,
251,251,GLOUCESTER,South West,England,0.35715025727803296,0.4997582622509238,0.10479331422453983,,,,,,,,0.03829816624650344,
252,615,GORDON,Scotland,Scotland,0.2604331873594508,0.10297076577109718,0.4260622558882708,0.1996685998342999,,,,,,,0.010865191146881288,
253,52,GOSPORT,South East,England,0.4360459104539344,0.30662806328197706,0.19602936614621033,,,,,,,,0.06129666011787819,
254,566,GOWER,Wales,Wales,0.23781613439172974,0.5379592025106147,0.12977662913051505,0.05136606978032121,,,,,,,0.043081964186819276,
255,346,GRANTHAM & STAMFORD,East Midlands,England,0.4280158580328488,0.37719463847460827,0.12482537285255806,,,,,,,,0.0699641306399849,
256,84,GRAVESHAM,South East,England,0.3883537077723321,0.4968734155822207,0.07751675961917638,,,,,,,,0.03725611702627082,
257,372,GREAT GRIMSBY,Yorkshire and the Humber,England,0.22092537590495637,0.5978513087061444,0.18122331538889921,,,,,,,,0.0,
258,125,GREAT YARMOUTH,Eastern,England,0.3562938565086639,0.5336224708987132,0.1100836725926229,,,,,,,,0.0,
259,616,GREENOCK & INVERCLYDE,Scotland,Scotland,0.11462507567676651,0.5615936806296307,0.1381209098509528,0.18566033384265,,,,,,,0.0,
260,171,GREENWICH & WOOLWICH,London,England,0.18567928124149197,0.6343588347399945,0.12496596787367274,,,,,,,,0.05499591614484073,
261,102,GUILDFORD,South East,England,0.42540117279398854,0.1746023385652586,0.3412865620281611,,,,,,,,0.05870992661259174,
262,172,HACKNEY NORTH & STOKE NEWINGTON,London,England,0.16932246309678217,0.6519053795318387,0.10209375579025384,,,,,,,,0.07667840158112532,
263,173,HACKNEY SOUTH & SHOREDITCH,London,England,0.13310822818553403,0.5938036846158403,0.14981339968011373,,,,,,,,0.12327468751851194,
264,311,HALESOWEN & ROWLEY REGIS,West Midlands,England,0.328725825967474,0.5407190172473904,0.08549865671335699,,,,,,,,0.04505650007177867,
265,409,HALIFAX,Yorkshire and the Humber,England,0.32148508584539914,0.543258960360788,0.11984729804573147,,,,,,,,0.015408655748081335,
266,373,HALTEMPRICE & HOWDEN,Yorkshire and the Humber,England,0.44014127144298687,0.23614530776992937,0.28849646821392533,,,,,,,,0.035216952573158426,
267,429,HALTON,North West,England,0.17657913094354058,0.7087693242422197,0.07342649474560634,,,,,,,,0.04122505006863341,
268,617,HAMILTON NORTH & BELLSHILL,Scotland,Scotland,0.10379220505802784,0.6400694755125135,0.05063291139240506,0.19092607700202638,,,,,,,0.014579331035027237,
269,618,HAMILTON SOUTH,Scotland,Scotland,0.08636789459369618,0.656039406485147,0.05116194735728748,0.17621105436523526,,,,,,,0.03021969719863407,
270,174,HAMMERSMITH & FULHAM,London,England,0.3964757709251101,0.4675896790434235,0.08751341946470217,,,,,,,,0.04842113056676415,
271,175,HAMPSTEAD & HIGHGATE,London,England,0.2723308578047285,0.5740273897935545,0.12448047966205628,,,,,,,,0.029161272739660692,
272,337,HARBOROUGH,East Midlands,England,0.41824664666930783,0.25151395098760543,0.29516856264266983,,,,,,,,0.035070839700416925,
273,37,HARLOW,Eastern,England,0.3209863632560863,0.5408893164895842,0.0945996820881787,,,,,,,,0.04352463816615076,
274,378,HARROGATE & KNARESBOROUGH,Yorkshire and the Humber,England,0.38455241893168224,0.08712351768286283,0.5154370867877007,,,,,,,,0.012886976597754224,
275,176,HARROW EAST,London,England,0.3543110861515242,0.5251399589336796,0.08243098576718555,,,,,,,,0.038117969147610606,
276,177,HARROW WEST,London,England,0.3917837961375843,0.4154001447453624,0.15478231059307507,,,,,,,,0.038033748523978214,
277,500,HARTLEPOOL,North East,England,0.2134662107441735,0.6073292540268155,0.14055610546207145,,,,,,,,0.03864842976693962,
278,38,HARWICH,Eastern,England,0.3648391075232649,0.3875621332735359,0.13149829951040848,,,,,,,,0.11610045969279068,
279,26,HASTINGS & RYE,South East,England,0.2915690150604251,0.34374044712547636,0.2795451303266828,,,,,,,,0.08514540748741568,
280,53,HAVANT,South East,England,0.39741732544182773,0.32024750631182486,0.22362484996481935,,,,,,,,0.05871031828152808,
281,178,HAYES & HARLINGTON,London,England,0.2717626730914312,0.619551726655472,0.07420116327176267,,,,,,,,0.03448443698133411,
282,445,HAZEL GROVE,North West,England,0.3054114308877179,0.11921361978111066,0.5448520470206729,,,,,,,,0.030522902310498583,
283,65,HEMEL HEMPSTEAD,Eastern,England,0.3909642053292674,0.45696289842445365,0.12323023306469179,,,,,,,,0.028842663181587163,
284,410,HEMSWORTH,Yorkshire and the Humber,England,0.17802405611627856,0.7055874398047365,0.08868219099764717,,,,,,,,0.027706313081337818,
285,179,HENDON,London,England,0.3702933887600927,0.493304820529219,0.1084619074266528,,,,,,,,0.027939883284035495,
286,94,HENLEY,South East,England,0.463845721048445,0.22699493626680636,0.24719166521157093,,,,,,,,0.06196767747317773,
287,266,HEREFORD ,West Midlands,England,0.35297699465301696,0.12551138850303503,0.47947786044564533,,,,,,,,0.04203375639830267,
288,66,HERTFORD & STORTFORD,Eastern,England,0.44028879807956606,0.3141228857818255,0.17736526726649685,,,,,,,,0.06822304887211156,
289,67,HERTSMERE,Eastern,England,0.44301660443314533,0.38194168586637006,0.12842615396838009,,,,,,,,0.046615555732104554,
290,515,HEXHAM,North East,England,0.38757636136716955,0.38271550874734517,0.17426813514046113,,,,,,,,0.055439994745024195,
291,446,HEYWOOD & MIDDLETON,North West,England,0.23020771513353117,0.5772304648862512,0.15643916913946587,,,,,,,,0.03612265084075173,
292,330,HIGH PEAK,East Midlands,England,0.3545045754378598,0.5083197732402499,0.112330061414099,,,,,,,,0.024845589907791368,
293,68,HITCHIN & HARPENDEN,Eastern,England,0.4585042058481317,0.3312606099910351,0.20056459457912906,,,,,,,,0.009670589581704084,
294,180,HOLBORN & ST PANCRAS,London,England,0.17902907512169453,0.6500986712274701,0.12519405341402448,,,,,,,,0.04567820023681095,
295,181,HORNCHURCH,London,England,0.37290912814910904,0.5021733688354839,0.07842334038824787,,,,,,,,0.04649416262715914,
296,182,HORNSEY & WOOD GREEN,London,England,0.2193369199992231,0.6174762561423272,0.1125332608231204,,,,,,,,0.05065356303532931,
297,115,HORSHAM,South East,England,0.5075658182454299,0.18702002973847634,0.24758156214466895,,,,,,,,0.057832589871424825,
298,519,HOUGHTON & WASHINGTON EAST,North East,England,0.12890036582741554,0.7638380795256199,0.07672811610836143,,,,,,,,0.03053343853860316,
299,27,HOVE,South East,England,0.3636458095218304,0.4459175827601255,0.09652750358471353,,,,,,,,0.09390910413333056,
300,411,HUDDERSFIELD,Yorkshire and the Humber,England,0.20925169457287784,0.5649548862055034,0.17152219778246622,,,,,,,,0.05427122143915249,
301,119,HUNTINGDON,Eastern,England,0.5530080929726313,0.23455576426803362,0.14728859083966786,,,,,,,,0.06514755191966715,
302,469,HYNDBURN,North West,England,0.318673351010938,0.5558294663573086,0.08578471992045078,,,,,,,,0.03971246271130262,
303,183,ILFORD NORTH,London,England,0.4075946775844422,0.4735926305015353,0.10335721596724667,,,,,,,,0.015455475946775845,
304,184,ILFORD SOUTH ,London,England,0.30134548871428857,0.5852376097083108,0.06301605389951818,,,,,,,,0.0504008476778824,
305,619,"INVERNESS EAST, NAIRN & LOCHABER",Scotland,Scotland,0.17490788812594205,0.33886702394908724,0.17509629877742422,0.289901189080556,,,,,,,0.021227600066990454,
306,135,IPSWICH,Eastern,England,0.3111340845652848,0.5269099555463662,0.12159619559598883,,,,,,,,0.04035976429236018,
307,75,ISLE OF WIGHT,South East,England,0.33991716671906397,0.1318498065856559,0.4274798726062412,,,,,,,,0.10075315408903894,
308,185,ISLINGTON NORTH,London,England,0.12914110429447853,0.692526491912995,0.1360568878973787,,,,,,,,0.042275515895147796,
309,186,ISLINGTON SOUTH & FINSBURY,London,England,0.1298844716275909,0.6251840525540832,0.2128213840752067,,,,,,,,0.03211009174311927,
310,542,ISLWYN,Wales,Wales,0.0786726733326008,0.741539391275684,0.08416657510163718,0.06241072409625316,,,,,,,0.033210636193824854,
311,520,JARROW,North East,England,0.14937872650311776,0.6485139502070911,0.11071412316235037,,,,,,,,0.09139320012744072,
312,412,KEIGHLEY,Yorkshire and the Humber,England,0.36726884226884227,0.5058080808080808,0.09836829836829837,,,,,,,,0.028554778554778556,
313,187,KENSINGTON & CHELSEA,London,England,0.5362111734253667,0.27955133735979293,0.15282571182053495,,,,,,,,0.03141177739430544,
314,353,KETTERING,East Midlands,England,0.42946433274224416,0.43278262548940427,0.10706322313324086,,,,,,,,0.030689818635110697,
315,620,KILMARNOCK & LOUDOUN,Scotland,Scotland,0.10810183720390643,0.49823873104262906,0.03988694129806577,0.34518762260330316,,,,,,,0.008584867852095593,
316,188,KINGSTON & SURBITON,London,England,0.3656696308272703,0.23014461510823678,0.3666756489715261,,,,,,,,0.03751010509296686,
317,374,KINGSTON UPON HULL EAST,Yorkshire and the Humber,England,0.13713382403793903,0.7130860050387788,0.09793508867262757,,,,,,,,0.051845082250654546,
318,375,KINGSTON UPON HULL NORTH,Yorkshire and the Humber,England,0.15046141155848844,0.6584007836263339,0.1460792906119503,,,,,,,,0.045058514203227304,
319,376,KINGSTON UPON HULL WEST & HESSLE,Yorkshire and the Humber,England,0.18076341450696146,0.5871617041247328,0.18237993429629243,,,,,,,,0.04969494707201335,
320,219,KINGSWOOD,South West,England,0.29936380182677375,0.5373620318266068,0.12810793661395628,,,,,,,,0.03516622973266318,
321,621,KIRKCALDY,Scotland,Scotland,0.1366482715237469,0.5355560003431218,0.08666685728990936,0.22931976095845366,,,,,,,0.01180910988476825,
322,481,KNOWSLEY NORTH & SEFTON EAST,North West,England,0.17302778504315636,0.6990926101040179,0.11063718487817636,,,,,,,,0.01724241997464942,
323,482,KNOWSLEY SOUTH,North West,England,0.12580374028157176,0.7710653498634167,0.08308468165581004,,,,,,,,0.020046228199201512,
324,650,LAGAN VALLEY,Northern Ireland,Northern Ireland,,,,,0.17230873392010831,0.1355224554276687,0.07754457233130219,0.025050778605280974,,0.5542766869781087,0.03529677273753103,
325,470,LANCASTER & WYRE,North West,England,0.40566069790357107,0.42766130950358466,0.11555842479018721,,,,,,,,0.051119567802657064,
326,413,LEEDS CENTRAL,Yorkshire and the Humber,England,0.13718284741549353,0.6962090302358885,0.11251317247156097,,,,,,,,0.05409494987705693,
327,414,LEEDS EAST,Yorkshire and the Humber,England,0.18677358068842198,0.6747597228430934,0.1030677246312025,,,,,,,,0.03539897183728207,
328,415,LEEDS NORTH EAST,Yorkshire and the Humber,England,0.3385923663451185,0.49150717440506275,0.13882968204091498,,,,,,,,0.031070777208903732,
329,416,LEEDS NORTH WEST,Yorkshire and the Humber,England,0.32100615683732986,0.39885774465327284,0.23673444588464032,,,,,,,,0.04340165262475697,
330,417,LEEDS WEST,Yorkshire and the Humber,England,0.17523620089507708,0.6668075584286425,0.09005469915464943,,,,,,,,0.06790154152163103,
331,338,LEICESTER EAST,East Midlands,England,0.24010179721634162,0.6549930183325076,0.06992928246475384,,,,,,,,0.03497590198639701,
332,339,LEICESTER SOUTH,East Midlands,England,0.23737373737373738,0.5801637776946419,0.1382965457039531,,,,,,,,0.04416593922766762,
333,340,LEICESTER WEST,East Midlands,England,0.2374737253751772,0.5518893288360952,0.14163855892848415,,,,,,,,0.06899838686024344,
334,447,LEIGH,North West,England,0.15583623693379792,0.6892857142857143,0.11243466898954704,,,,,,,,0.04244337979094077,
335,267,LEOMINSTER ,West Midlands,England,0.4527525567226475,0.17468795125907463,0.2779854805847329,,,,,,,,0.09457401143354499,
336,28,LEWES,South East,England,0.4057434562427546,0.10640850942667128,0.43218287945656814,,,,,,,,0.05566515487400598,
337,189,LEWISHAM DEPTFORD,London,England,0.14709903697538937,0.7082094875757936,0.08928783735584354,,,,,,,,0.05540363809297349,
338,190,LEWISHAM EAST,London,England,0.25914242942686055,0.5833244225834047,0.11168733960650128,,,,,,,,0.04584580838323353,
339,191,LEWISHAM WEST,London,England,0.2384197636034501,0.6195559578319668,0.09775316792673837,,,,,,,,0.044271110637844745,
340,192,LEYTON & WANSTEAD,London,England,0.22216570876354202,0.6083617313463201,0.150551853924012,,,,,,,,0.01892070596612583,
341,280,LICHFIELD,West Midlands,England,0.4291358837692672,0.4242380589796884,0.11262939106455662,,,,,,,,0.033996666186487765,
342,347,LINCOLN,East Midlands,England,0.310067027584429,0.5491750451147203,0.10844719429406205,,,,,,,,0.03231073300678869,
343,622,LINLITHGOW,Scotland,Scotland,0.12518283149240933,0.5414081807636052,0.058783477076713574,0.2680940132143037,,,,,,,0.006531497452968175,
344,483,"LIVERPOOL, GARSTON",North West,England,0.1568235131778667,0.61328825720988,0.1897336829032703,,,,,,,,0.040154546708983024,
345,484,"LIVERPOOL, RIVERSIDE",North West,England,0.09531926052183035,0.7042874000262226,0.13266028582666842,,,,,,,,0.06773305362527862,
346,485,"LIVERPOOL, WALTON",North West,England,0.06344666351630313,0.7838436093217599,0.11137364140572537,,,,,,,,0.0413360857562116,
347,486,"LIVERPOOL, WAVERTREE",North West,England,0.10767019469489089,0.644453155625245,0.21540572324578597,,,,,,,,0.03247092643407814,
348,487,"LIVERPOOL, WEST DERBY",North West,England,0.08672343857485115,0.7116730317622222,0.09025784567213037,,,,,,,,0.11134568399079631,
349,623,LIVINGSTON,Scotland,Scotland,0.09403744688798618,0.5488630527151328,0.06714292384554325,0.2746182938786945,,,,,,,0.015338282672643228,
350,539,LLANELLI,Wales,Wales,0.12139962631336294,0.5787532454927082,0.09191720657106113,0.1895610395282813,,,,,,,0.018368882094586397,
351,341,LOUGHBOROUGH,East Midlands,England,0.3768929628568701,0.48597345555237276,0.11820872720328464,,,,,,,,0.01892485438747255,
352,348,LOUTH & HORNCASTLE,East Midlands,England,0.434388325025524,0.29625848297399554,0.24436970752507356,,,,,,,,0.02498348447540688,
353,273,LUDLOW,West Midlands,England,0.42417629901696013,0.2537539159554931,0.2965107486226639,,,,,,,,0.02555903640488279,
354,2,LUTON NORTH,Eastern,England,0.34298149243640663,0.5463534184061523,0.09082650215499029,,,,,,,,0.019838587002450773,
355,3,LUTON SOUTH,Eastern,England,0.3135688195251536,0.5484808235098788,0.09567491283413582,,,,,,,,0.04227544413083181,
356,430,MACCLESFIELD,North West,England,0.4961160211819842,0.3364392863073602,0.16744469251065558,,,,,,,,0.0,
357,8,MAIDENHEAD,South East,England,0.49802511348228495,0.1808838845330032,0.2625911297136906,,,,,,,,0.05849987227102124,
358,85,MAIDSTONE & THE WEALD,South East,England,0.44129607521265485,0.2621623638262946,0.223586031935532,,,,,,,,0.07295552902551858,
359,448,MAKERFIELD,North West,England,0.1542186875194384,0.735748878126805,0.08315190829519704,,,,,,,,0.02688052605855956,
360,39,MALDON & EAST CHELMSFORD,Eastern,England,0.48671284259828923,0.28747494393395123,0.1936610633695199,,,,,,,,0.03215115009823963,
361,450,MANCHESTER CENTRAL,North West,England,0.11819781137251394,0.7097534066851537,0.12287920803888243,,,,,,,,0.04916957390344992,
362,449,"MANCHESTER, BLACKLEY",North West,England,0.152533840474326,0.7003579818771675,0.11010739456315025,,,,,,,,0.0370007830853563,
363,451,"MANCHESTER, GORTON",North West,England,0.11701688193660323,0.6528049351436204,0.17520861446944452,,,,,,,,0.05496956845033186,
364,452,"MANCHESTER, WITHINGTON",North West,England,0.19356304086128967,0.615599518477298,0.1362800099938674,,,,,,,,0.05455743066754491,
365,361,MANSFIELD,East Midlands,England,0.21165605364146248,0.6442879433222283,0.11057225994180407,,,,,,,,0.03348374309450512,
366,86,MEDWAY,South East,England,0.3688704125877252,0.4885342631084887,0.10180590943632381,,,,,,,,0.04078941486746234,
367,549,MEIRIONNYDD NANT CONWY,Wales,Wales,0.15959308240081382,0.2303153611393693,0.06994913530010173,0.5072227873855544,,,,,,,0.03291963377416073,
368,312,MERIDEN,West Midlands,England,0.4202821740560693,0.4096458203881721,0.1297196534961073,,,,,,,,0.040352352059651306,
369,554,MERTHYR TYDFIL & RHYMNEY,Wales,Wales,0.06407603280447613,0.7667663064305971,0.07475537160522215,0.05988605298791549,,,,,,,0.03451623617178917,
370,4,MID BEDFORDSHIRE,Eastern,England,0.46035493944702566,0.3253484652296443,0.1680059410465382,,,,,,,,0.04629065427679183,
371,243,MID DORSET & NORTH POOLE,South West,England,0.406678099067668,0.15796424418031657,0.3932548834092208,,,,,,,,0.04210277334279463,
372,126,MID NORFOLK,Eastern,England,0.39575682684442276,0.3725046556555337,0.14997302330438414,,,,,,,,0.08176549419565936,
373,116,MID SUSSEX,South East,England,0.4345248115519144,0.18646540598170697,0.3063239997755457,,,,,,,,0.07268578269083291,
374,651,MID ULSTER,Northern Ireland,Northern Ireland,,,,,0.009078529278256923,0.3633582663956265,0.22114113165841046,0.4005210286368391,,,0.005901044030866999,
375,268,MID WORCESTERSHIRE,West Midlands,England,0.4740746571164328,0.28886833664574274,0.18611149373265903,,,,,,,,0.050945512505165394,
376,501,MIDDLESBROUGH,North East,England,0.17152960062476952,0.7142547237347333,0.08534177929149403,,,,,,,,0.02887389634900319,
377,502,MIDDLESBROUGH SOUTH & EAST CLEVELAND,North East,England,0.349189169014873,0.5471289678466792,0.07471961483195551,,,,,,,,0.028962248306492248,
378,624,MIDLOTHIAN,Scotland,Scotland,0.1089959998865216,0.5350790093335981,0.09177565321002014,0.2550710658458396,,,,,,,0.00907827172402054,
379,19,MILTON KEYNES SOUTH WEST,South East,England,0.33504078174868984,0.5378068481815674,0.11948855352850782,,,,,,,,0.007663816541234879,
380,193,MITCHAM & MORDEN,London,England,0.2970633629499854,0.5836566136904017,0.07575188754014933,,,,,,,,0.04352813581946356,
381,103,MOLE VALLEY,South East,England,0.4801188467463869,0.1477697894505172,0.2926601129777713,,,,,,,,0.07945125082532463,
382,543,MONMOUTH,Wales,Wales,0.39216726160122384,0.47738908720040796,0.09564507904130545,0.01052524222335543,,,,,,,0.024273329933707292,
383,559,MONTGOMERYSHIRE,Wales,Wales,0.2613625685199687,0.19135473766640565,0.4587940485512921,0.0503680501174628,,,,,,,0.03812059514487079,
384,625,MORAY,Scotland,Scotland,0.27568777347482776,0.1983101141678821,0.08922194839812905,0.4156565910576875,,,,,,,0.02112357290147362,
385,471,MORECAMBE & LUNESDALE,North West,England,0.36743893277020856,0.4885581433125546,0.11399216227740665,,,,,,,,0.03001076163983025,
386,418,MORLEY & ROTHWELL,Yorkshire and the Humber,England,0.26332875787088483,0.5847005250887858,0.11083513083643812,,,,,,,,0.04113558620389132,
387,626,MOTHERWELL & WISHAW,Scotland,Scotland,0.10988830934760643,0.5740189519102106,0.063655479395942,0.22471940795761763,,,,,,,0.027717851388623392,
388,567,NEATH,Wales,Wales,0.08687534854399534,0.7352520427708945,0.06296826128070218,0.08108042576922145,,,,,,,0.03382392163518658,
389,54,NEW FOREST EAST,South East,England,0.4291975862350159,0.24792057408464488,0.32288183968033923,,,,,,,,,
390,55,NEW FOREST WEST,South East,England,0.5055075376884423,0.14255276381909548,0.27772864321608043,,,,,,,,0.07421105527638192,
391,362,NEWARK,East Midlands,England,0.39406592137923074,0.452098285582344,0.11467934040137769,,,,,,,,0.03915645263704758,
392,9,NEWBURY,South East,England,0.3783908208796657,0.05501451944188682,0.5291982435016644,,,,,,,,0.037396416176783055,
393,521,NEWCASTLE UPON TYNE CENTRAL,North East,England,0.23416073598333623,0.5917375455650061,0.1499522652317306,,,,,,,,0.024149453219927095,
394,523,NEWCASTLE UPON TYNE EAST & WALLSEND,North East,England,0.13936377407487557,0.7118949722282334,0.10615787828512346,,,,,,,,0.042583375411767536,
395,522,NEWCASTLE UPON TYNE NORTH,North East,England,0.1944106657233191,0.621835547989122,0.14543766167724248,,,,,,,,0.03831612461031639,
396,281,NEWCASTLE-UNDER-LYME,West Midlands,England,0.21447617496794155,0.5646970221254249,0.13959168719086487,,,,,,,,0.08123511571576869,
397,544,NEWPORT EAST,Wales,Wales,0.21359171184712009,0.5765473186966558,0.10413870846529605,0.01935154866069032,,,,,,,0.0863707123302378,
398,545,NEWPORT WEST,Wales,Wales,0.24361972041191982,0.6052186458385155,0.09718421969056266,0.01611860106462365,,,,,,,0.03785881299437839,
399,652,NEWRY & ARMAGH,Northern Ireland,Northern Ireland,,,,,0.019052088221492257,,0.4299202252463632,0.21056780854059126,,0.33815110276865323,0.002308775222900047,
400,419,NORMANTON,Yorkshire and the Humber,England,0.23609431680773882,0.6056645893405265,0.12433727095153939,,,,,,,,0.03390382290019533,
401,653,NORTH ANTRIM,Northern Ireland,Northern Ireland,,,,,0.06159875286883471,0.46540077079634523,0.15877105616420562,0.0627029835881003,,0.23645693500194864,0.015069501580565539,
402,225,NORTH CORNWALL,South West,England,0.2949482861783058,0.09441832635267972,0.5316693734507223,,,,,,,,0.07896401401829216,
403,231,NORTH DEVON,South West,England,0.3948443828219068,0.09754807166052468,0.5076075455175685,,,,,,,,0.0,
404,244,NORTH DORSET,South West,England,0.442961188126343,0.10230665373571415,0.3907429592865157,,,,,,,,0.06398919885142716,
405,654,NORTH DOWN,Northern Ireland,Northern Ireland,,,,,0.20664186453660138,,0.04382317540212277,,0.35061275850749535,0.3109749425538899,0.08794725899989057,
406,510,NORTH DURHAM,North East,England,0.145077170963365,0.702637381275441,0.11077425373134328,,,,,,,,0.04151119402985075,
407,5,NORTH EAST BEDFORDSHIRE,Eastern,England,0.44278399618956893,0.3260300071445582,0.14247439866634912,,,,,,,,0.08871159799952369,
408,120,NORTH EAST CAMBRIDGESHIRE,Eastern,England,0.4304014433919711,0.3383671628326567,0.1636445647271087,,,,,,,,0.06758682904826342,
409,331,NORTH EAST DERBYSHIRE,East Midlands,England,0.2521018103464861,0.6045710767810077,0.1433271128725062,,,,,,,,0.0,
410,627,NORTH EAST FIFE,Scotland,Scotland,0.26472908052295707,0.10279882406367265,0.51224933674323,0.10863070341069338,,,,,,,0.011592055259446928,
411,56,NORTH EAST HAMPSHIRE,South East,England,0.5090293674551466,0.16049382716049382,0.22732875506251102,,,,,,,,0.10314805032184853,
412,69,NORTH EAST HERTFORDSHIRE,Eastern,England,0.4175786133282046,0.3581882873353207,0.18257524761996347,,,,,,,,0.0416578517165112,
413,20,NORTH EAST MILTON KEYNES,South East,England,0.3895893512374112,0.394273557654774,0.17384261066437662,,,,,,,,0.042294480443438205,
414,40,NORTH ESSEX,Eastern,England,0.43898533460915073,0.33205100665898574,0.19582495264504288,,,,,,,,0.03313870608682067,
415,127,NORTH NORFOLK,Eastern,England,0.3648173022971112,0.25055684967609204,0.34283236699369185,,,,,,,,0.04179348103310493,
416,274,NORTH SHROPSHIRE,West Midlands,England,0.40238363290500406,0.35977716526262665,0.2035987421871967,,,,,,,,0.03424045964517256,
417,194,NORTH SOUTHWARK & BERMONDSEY,London,England,0.06949721765989263,0.4031083764371338,0.4861373274826563,,,,,,,,0.041257078420317214,
418,260,NORTH SWINDON,South West,England,0.33853325046612803,0.4978040190594572,0.12921068986948414,,,,,,,,0.0344520406049306,
419,628,NORTH TAYSIDE,Scotland,Scotland,0.3572415608343752,0.11276348402096906,0.08150731504024918,0.44848764010440656,,,,,,,0.0,
420,87,NORTH THANET,South East,England,0.4409355530589317,0.3844346849147176,0.11390052088652844,,,,,,,,0.06072924113982229,
421,524,NORTH TYNESIDE,North East,England,0.1366769353516101,0.7271558697723898,0.1055384410806498,,,,,,,,0.03062875379535028,
422,290,NORTH WARWICKSHIRE,West Midlands,England,0.31162078946883237,0.5838787588266745,0.07448514906248271,,,,,,,,0.030015302642010362,
423,121,NORTH WEST CAMBRIDGESHIRE,Eastern,England,0.4811340079478881,0.3222991519521488,0.15133762136916712,,,,,,,,0.045229218730796016,
424,511,NORTH WEST DURHAM,North East,England,0.15330641853235175,0.6877307368466504,0.10775275804745353,,,,,,,,0.05121008657354433,
425,57,NORTH WEST HAMPSHIRE ,South East,England,0.45237529039457075,0.2359741708892019,0.2410777983061079,,,,,,,,0.07057274041011945,
426,342,NORTH WEST LEICESTERSHIRE,East Midlands,England,0.3097164824603556,0.563805862566074,0.08634310427679001,,,,,,,,0.040134550696780395,
427,128,NORTH WEST NORFOLK,Eastern,England,0.41514314981683076,0.43839088841432716,0.09571679080507665,,,,,,,,0.05074917096376547,
428,261,NORTH WILTSHIRE,South West,England,0.4376605243652285,0.14239911743919467,0.3777601572061435,,,,,,,,0.042180200989433404,
429,354,NORTHAMPTON NORTH,East Midlands,England,0.3336105845487253,0.527041665054741,0.12725830786490774,,,,,,,,0.012089442531625982,
430,355,NORTHAMPTON SOUTH,East Midlands,England,0.4109972857017774,0.4240259171701252,0.11060327466946852,,,,,,,,0.054373522458628844,
431,220,NORTHAVON,South West,England,0.3896209819286742,0.15619702542779465,0.4237965776427315,,,,,,,,0.030385415000799616,
432,129,NORWICH NORTH,Eastern,England,0.3246816935176272,0.49668525346459125,0.1262509762609659,,,,,,,,0.052382076756815665,
433,130,NORWICH SOUTH,Eastern,England,0.23676699277573277,0.5170567508513612,0.18615775280014174,,,,,,,,0.060018503572764316,
434,363,NOTTINGHAM EAST,East Midlands,England,0.23490338164251207,0.6228613123993558,0.10084541062801933,,,,,,,,0.041389895330112725,
435,364,NOTTINGHAM NORTH,East Midlands,England,0.20294195792372166,0.6570614236371102,0.07973237361416391,,,,,,,,0.060264244825004226,
436,365,NOTTINGHAM SOUTH,East Midlands,England,0.27743198680956305,0.5528647980214345,0.1291220115416323,,,,,,,,0.04058120362737016,
437,291,NUNEATON,West Midlands,England,0.3090837740362155,0.562106404051352,0.08842711116924859,,,,,,,,0.0403827107431839,
438,629,OCHIL,Scotland,Scotland,0.1457771890558626,0.45007536655552005,0.051660348056456404,0.3438313616224364,,,,,,,0.008655734709724569,
439,555,OGMORE,Wales,Wales,0.09761479457812336,0.7398077125144479,0.09220342544919617,0.07037406745823263,,,,,,,0.0,
440,195,OLD BEXLEY & SIDCUP,London,England,0.4204627269366231,0.35101476912299817,0.16119554007511042,,,,,,,,0.06732696386526824,
441,453,OLDHAM EAST & SADDLEWORTH,North West,England,0.1971497754200477,0.4167390621245448,0.35409696678434777,,,,,,,,0.03201419567105968,
442,454,OLDHAM WEST & ROYTON,North West,England,0.23378809742446105,0.5880012243648607,0.1188071188071188,,,,,,,,0.0594035594035594,
443,630,ORKNEY & SHETLAND,Scotland,Scotland,0.12228405516573917,0.18267602225985966,0.5198645052020324,0.12697798209533026,,,,,,,0.04819743527703847,
444,196,ORPINGTON,London,England,0.40585419367707193,0.1787340846381437,0.35678667597486785,,,,,,,,0.05862504570991656,
445,95,OXFORD EAST,South East,England,0.22014746120266515,0.5682269148025147,0.14700169183532802,,,,,,,,0.06462393215949203,
446,96,OXFORD WEST & ABINGDON,South East,England,0.3265409503889143,0.20199032616510884,0.4292437414210079,,,,,,,,0.04222498202496895,
447,631,PAISLEY NORTH,Scotland,Scotland,0.09570821737219862,0.5945510473121429,0.06928372638054782,0.21915922074117475,,,,,,,0.021297788193935845,
448,632,PAISLEY SOUTH,Scotland,Scotland,0.08666434633610881,0.5751385505073492,0.09370565714438703,0.23378222805279644,,,,,,,0.010709217959358518,
449,472,PENDLE,North West,England,0.30264696502604443,0.5327734665674497,0.11608376740724992,,,,,,,,0.04849580099925587,
450,497,PENRITH & THE BORDER,North West,England,0.47588897285594656,0.2160086599538408,0.26688588876861175,,,,,,,,0.041216478421600866,
451,633,PERTH,Scotland,Scotland,0.2933267491189872,0.24771610064869476,0.08042468182532378,0.36383021705461155,,,,,,,0.014702251352382662,
452,122,PETERBOROUGH,Eastern,England,0.35191112395977453,0.5031284200962273,0.10675862638610692,,,,,,,,0.03820182955789126,
453,232,"PLYMOUTH, DEVONPORT",South West,England,0.24174893674345208,0.6086831014375613,0.10719165560110078,,,,,,,,0.0423763062178858,
454,233,"PLYMOUTH, SUTTON",South West,England,0.3030512885083522,0.5011542012927055,0.1387769663392932,,,,,,,,0.05701754385964912,
455,420,PONTEFRACT & CASTLEFORD,Yorkshire and the Humber,England,0.13561696782297805,0.7570538216252778,0.0734853609044352,,,,,,,,0.03384384964730892,
456,556,PONTYPRIDD,Wales,Wales,0.12888452731436048,0.6387525896848762,0.13435830334750845,0.06492203685530476,,,,,,,0.03308254279795006,
457,245,POOLE,South West,England,0.42140568254646443,0.21576586199530015,0.3082247383037812,,,,,,,,0.054603717154454175,
458,197,POPLAR & CANNING TOWN,London,England,0.1500458388509728,0.6317357644901701,0.10369766731180605,,,,,,,,0.11452072934705103,
459,58,PORTSMOUTH NORTH,South East,England,0.3758780649436713,0.4713717693836978,0.10576540755467197,,,,,,,,0.046984758117958915,
460,59,PORTSMOUTH SOUTH,South East,England,0.3113260470064803,0.25313860141212885,0.39502853274011024,,,,,,,,0.04050681884128059,
461,540,PRESELI PEMBROKESHIRE,Wales,Wales,0.2768907860292904,0.4829139447680589,0.13034455109308304,0.06327382496521472,,,,,,,0.046576893144352996,
462,473,PRESTON,North West,England,0.21924533011607106,0.6078129550276656,0.14654490993052377,,,,,,,,0.026396804925739484,
463,421,PUDSEY,Yorkshire and the Humber,England,0.36341051753238135,0.48112116212474637,0.13986080294324021,,,,,,,,0.015607517399632094,
464,198,PUTNEY,London,England,0.3888623707239459,0.45650642118422546,0.1077167859984089,,,,,,,,0.04691442209341971,
465,41,RAYLEIGH,Eastern,England,0.49725221187200375,0.2890439256343298,0.19754842732977354,,,,,,,,0.016155435163892895,
466,10,READING EAST,South East,England,0.35177220230983675,0.4273397052966945,0.18532457188371168,,,,,,,,0.03556352050975707,
467,11,READING WEST,South East,England,0.3894273491909318,0.45136291305875303,0.12715699849139267,,,,,,,,0.032052739258922484,
468,503,REDCAR,North East,England,0.2309546178669172,0.6734814754299252,0.09556390670315755,,,,,,,,0.0,
469,269,REDDITCH,West Midlands,England,0.3610217216411907,0.4978993474568696,0.110284258514347,,,,,,,,0.03079467238759274,
470,199,REGENT'S PARK & KENSINGTON NORTH,London,England,0.28958262926664413,0.5991677931733694,0.08535400473132815,,,,,,,,0.02589557282865833,
471,104,REIGATE,South East,England,0.4384730352472288,0.27778469713953585,0.19958898991157056,,,,,,,,0.0841532777016648,
472,557,RHONDDA,Wales,Wales,0.03800818487024285,0.7445046193055113,0.05653441811453917,0.13355551743573407,,,,,,,0.0273972602739726,
473,474,RIBBLE VALLEY,North West,England,0.4666468604183779,0.15751210220024117,0.3506055469145943,,,,,,,,0.025235490466786668,
474,379,RICHMOND,Yorkshire and the Humber,England,0.4885947089503781,0.27806288096185666,0.18376238453321045,,,,,,,,0.049580025554554784,
475,200,RICHMOND PARK,London,England,0.39473730497950854,0.12614989534413312,0.4466430971100909,,,,,,,,0.03246970256626739,
476,455,ROCHDALE,North West,England,0.08812029449690113,0.49411422153820556,0.3995882034857119,,,,,,,,0.0181772804791814,
477,42,ROCHFORD & SOUTHEND EAST,Eastern,England,0.4874395616202858,0.3966476845385194,0.09427312775330396,,,,,,,,0.021639626087890836,
478,201,ROMFORD,London,England,0.4163916522234621,0.4318003751276146,0.07932287091336451,,,,,,,,0.07248510173555878,
479,60,ROMSEY,South East,England,0.4599293722622103,0.18569691823778006,0.2942629435942957,,,,,,,,0.0601107659057139,
480,634,"ROSS, SKYE & INVERNESS WEST",Scotland,Scotland,0.10932298836190714,0.28664747841321486,0.38723564009510697,0.19574521336503567,,,,,,,0.021048679764735328,
481,475,ROSSENDALE & DARWEN,North West,England,0.32262537103577565,0.536439618809561,0.10613576003749414,,,,,,,,0.034799250117169195,
482,392,ROTHER VALLEY,Yorkshire and the Humber,England,0.16680026864830902,0.675607166843599,0.11573542474597569,,,,,,,,0.041857139762116254,
483,393,ROTHERHAM,Yorkshire and the Humber,England,0.14297476759628153,0.7132005312084994,0.10409030544488712,,,,,,,,0.039734395750332004,
484,635,ROXBURGH & BERWICKSHIRE,Scotland,Scotland,0.23867052188600382,0.1496092296241161,0.46500243336864105,0.11333772293950932,,,,,,,0.033380092181729694,
485,292,RUGBY & KENILWORTH,West Midlands,England,0.42253083898374316,0.4306184135283065,0.14274977534515154,,,,,,,,0.004100972142798791,
486,202,RUISLIP - NORTHWOOD,London,England,0.5024423973412442,0.3285972386411795,0.1623580844467245,,,,,,,,0.006602279570851828,
487,105,RUNNYMEDE & WEYBRIDGE,South East,England,0.4858517096254921,0.294330986598398,0.16285564670972247,,,,,,,,0.05696165706638739,
488,366,RUSHCLIFFE,East Midlands,England,0.4436823802163833,0.3622971406491499,0.1425006439979392,,,,,,,,0.05151983513652756,
489,343,RUTLAND & MELTON,East Midlands,England,0.45804674140224205,0.29015770473114194,0.1921337640129204,,,,,,,,0.059661789853695614,
490,380,RYEDALE,Yorkshire and the Humber,England,0.4376729598425681,0.17961174999487525,0.3339892995510731,,,,,,,,0.048725990611483506,
491,43,SAFFRON WALDEN,Eastern,England,0.4534794040315513,0.2151621384750219,0.2681507449605609,,,,,,,,0.0632077125328659,
492,456,SALFORD,North West,England,0.1744761789746996,0.689813417064187,0.10286214600567599,,,,,,,,0.03284825795543747,
493,262,SALISBURY,South West,England,0.42947165988427,0.17586153608406738,0.3217088205498034,,,,,,,,0.07295798348185924,
494,381,SCARBOROUGH & WHITBY,Yorkshire and the Humber,England,0.3620515086246571,0.4563796690046207,0.14123451335579243,,,,,,,,0.04033430901492977,
495,377,SCUNTHORPE,Yorkshire and the Humber,England,0.26300091403280895,0.6039110982825805,0.08411507191994996,,,,,,,,0.048972915764660604,
496,512,SEDGEFIELD,North East,England,0.17792257407250192,0.7115629510145174,0.06473384837422531,,,,,,,,0.04578062653875541,
497,382,SELBY,Yorkshire and the Humber,England,0.39068825910931176,0.4588038923218979,0.12035655941473115,,,,,,,,0.03015128915405924,
498,88,SEVENOAKS,South East,England,0.4541665835809288,0.24556820674390317,0.2410018145925143,,,,,,,,0.05926339508265369,
499,396,SHEFFIELD CENTRAL,Yorkshire and the Humber,England,0.11919602405337873,0.6364534995469397,0.17224525659683132,,,,,,,,0.07210521980285016,
500,394,"SHEFFIELD, ATTERCLIFFE",Yorkshire and the Humber,England,0.16063450516720068,0.6529401146261112,0.15734013267746738,,,,,,,,0.029085247529220634,
501,395,"SHEFFIELD, BRIGHTSIDE",Yorkshire and the Humber,England,0.08415768492543925,0.7353019341503026,0.1460800236232098,,,,,,,,0.03446035730104828,
502,397,"SHEFFIELD, HALLAM",Yorkshire and the Humber,England,0.3314496800721212,0.13516128322962245,0.5133138371556103,,,,,,,,0.020075199542646055,
503,398,"SHEFFIELD, HEELEY",Yorkshire and the Humber,England,0.15640456709656544,0.6072666759118014,0.21254564785281746,,,,,,,,0.0237831091388157,
504,399,"SHEFFIELD, HILLSBOROUGH",Yorkshire and the Humber,England,0.1453492757996379,0.5686104405552203,0.25835470730235366,,,,,,,,0.027685576342788173,
505,367,SHERWOOD,East Midlands,England,0.28760193161516284,0.5849857605292484,0.08648046273857747,,,,,,,,0.040931845117011305,
506,422,SHIPLEY,Yorkshire and the Humber,England,0.3776289907701619,0.4342941443486155,0.15100620366167347,,,,,,,,0.0370706612195491,
507,275,SHREWSBURY & ATCHAM,West Midlands,England,0.33994651633420064,0.3701214223764094,0.2500361376120266,,,,,,,,0.0398959236773634,
508,89,SITTINGBOURNE & SHEPPEY,South East,England,0.363805727654781,0.4055933451756856,0.182986005805641,,,,,,,,0.04761492136389238,
509,383,SKIPTON & RIPON,Yorkshire and the Humber,England,0.4653824216665747,0.22393332229397803,0.25158690732461225,,,,,,,,0.05909734871483505,
510,349,SLEAFORD & NORTH HYKEHAM,East Midlands,England,0.43925831202046034,0.3429178576801565,0.15162855423499322,,,,,,,,0.06619527606438995,
511,12,SLOUGH,South East,England,0.2924243693957932,0.5662658174809352,0.07351462331350038,,,,,,,,0.06779518980977123,
512,313,SOLIHULL,West Midlands,England,0.4464570671917971,0.2433368417478695,0.2529793229891692,,,,,,,,0.057226768071164225,
513,255,SOMERTON & FROME ,South West,England,0.3929062940961274,0.16349319721965752,0.3951709840949079,,,,,,,,0.04842952458930718,
514,655,SOUTH ANTRIM,Northern Ireland,Northern Ireland,,,,,0.11613384749346933,,0.16163701952979226,0.05545465853961935,,0.5748973752954347,0.09187709914168429,
515,123,SOUTH CAMBRIDGESHIRE,Eastern,England,0.42046830467745844,0.2511968407130749,0.2581822923458078,,,,,,,,0.07015256226365889,
516,332,SOUTH DERBYSHIRE,East Midlands,England,0.3125385628762486,0.5454499974986242,0.09018293394700419,,,,,,,,0.051828505678122964,
517,246,SOUTH DORSET,South West,England,0.36100605912732303,0.3594404456915132,0.20202513114554105,,,,,,,,0.07752836403562278,
518,656,SOUTH DOWN,Northern Ireland,Northern Ireland,,,,,0.03457543547670048,,0.5290587236794245,0.1036050600169745,,0.328335286747767,0.004425494079133493,
519,124,SOUTH EAST CAMBRIDGESHIRE,Eastern,England,0.4294717200345028,0.26489693171616174,0.25077895329800903,,,,,,,,0.05485239495132642,
520,226,SOUTH EAST CORNWALL,South West,England,0.3580582253795793,0.12811672934949156,0.4708873102103357,,,,,,,,0.042937735060593396,
521,350,SOUTH HOLLAND & THE DEEPINGS,East Midlands,England,0.492549223004648,0.3331404975164077,0.15631670290650124,,,,,,,,0.017993576572443097,
522,131,SOUTH NORFOLK,Eastern,England,0.4015491891717796,0.26068892217015316,0.28273507576855567,,,,,,,,0.05502681288951157,
523,476,SOUTH RIBBLE,North West,England,0.3760931361011026,0.46814289076786586,0.10644384494215205,,,,,,,,0.04932012818887943,
524,525,SOUTH SHIELDS,North East,England,0.14574888398583816,0.7140951305864847,0.0879727025501565,,,,,,,,0.05218328287752065,
525,282,SOUTH STAFFORDSHIRE,West Midlands,England,0.5002152052275306,0.34720428845326134,0.1134131549086356,,,,,,,,0.03916735141057245,
526,136,SOUTH SUFFOLK,Eastern,England,0.3732948532948533,0.292967772967773,0.27696007696007696,,,,,,,,0.05677729677729678,
527,263,SOUTH SWINDON,South West,England,0.3576482545639342,0.4679840506626011,0.14407177201829482,,,,,,,,0.030295922755169853,
528,90,SOUTH THANET,South East,England,0.39786165199608786,0.46183426691562196,0.11698675202276163,,,,,,,,0.023317329065528584,
529,6,SOUTH WEST BEDFORDSHIRE,Eastern,England,0.4073471549636804,0.40485018159806296,0.14298955811138014,,,,,,,,0.04481310532687651,
530,234,SOUTH WEST DEVON,South West,England,0.42930221102290594,0.2891570830412459,0.2376233872037286,,,,,,,,0.043917318732119515,
531,70,SOUTH WEST HERTFORDSHIRE,Eastern,England,0.45951164931150856,0.27866308133764056,0.22343938929093501,,,,,,,,0.0383858800599159,
532,132,SOUTH WEST NORFOLK,Eastern,England,0.41999455745288794,0.378086944690115,0.13909109463228791,,,,,,,,0.06282740322470916,
533,106,SOUTH WEST SURREY,South East,England,0.44572956888306353,0.09445959828545113,0.39801268199369444,,,,,,,,0.06179815083779092,
534,61,"SOUTHAMPTON, ITCHEN",South East,England,0.2836100895278428,0.5479029681637505,0.1168134031724804,,,,,,,,0.051673539135926295,
535,62,"SOUTHAMPTON, TEST",South East,England,0.2805438492782365,0.5414847161572053,0.1367441505692111,,,,,,,,0.041227283995347155,
536,44,SOUTHEND WEST,Eastern,England,0.3876037322096573,0.22788837769273768,0.33138409941093006,,,,,,,,0.05312379068667498,
537,488,SOUTHPORT,North West,England,0.3594071146245059,0.12112648221343873,0.48114624505928855,,,,,,,,0.038320158102766795,
538,107,SPELTHORNE,South East,England,0.44890883525627445,0.38201359862858025,0.13138278405917136,,,,,,,,0.03769478205597396,
539,71,ST ALBANS,Eastern,England,0.3322310796181478,0.4199980316897943,0.21045172719220548,,,,,,,,0.03731916149985238,
540,489,ST HELENS NORTH,North West,England,0.17338668724990353,0.6490422701143589,0.1273587780057281,,,,,,,,0.050212264630009544,
541,490,ST HELENS SOUTH,North West,England,0.14975823579917755,0.6861358398481631,0.13373853314654977,,,,,,,,0.03036739120610963,
542,227,ST IVES,South West,England,0.3116083189551214,0.15183391773807536,0.4446299697593737,,,,,,,,0.09192779354742954,
543,283,STAFFORD,West Midlands,England,0.3919493162327127,0.4752762110793479,0.10584872131654176,,,,,,,,0.026925751371397667,
544,284,STAFFORDSHIRE MOORLANDS,West Midlands,England,0.32546902204745976,0.5220572412309017,0.12111430639513274,,,,,,,,0.03135943032650586,
545,457,STALYBRIDGE & HYDE,North West,England,0.2450500220514844,0.5887282096515866,0.11998328729602377,,,,,,,,0.046238481000905274,
546,72,STEVENAGE,Eastern,England,0.32806601019733,0.5534581403495116,0.08928501926594792,,,,,,,,0.029190830187210526,
547,636,STIRLING,Scotland,Scotland,0.32522463801852974,0.4744634293961544,0.06227012430746311,0.13389822617440292,,,,,,,0.004143582103449881,
548,458,STOCKPORT,North West,England,0.22340311555850778,0.6286399965716,0.10608755276521888,,,,,,,,0.04186933510467334,
549,504,STOCKTON NORTH,North East,England,0.18817736205423394,0.6683905203039978,0.10828798848765571,,,,,,,,0.03514412915411252,
550,505,STOCKTON SOUTH,North East,England,0.3301289431268708,0.5524215212218896,0.09058638421981734,,,,,,,,0.026863151431422212,
551,285,STOKE-ON-TRENT CENTRAL,West Midlands,England,0.16742452478568767,0.6624922350602559,0.11949310473350727,,,,,,,,0.05059013542054914,
552,286,STOKE-ON-TRENT NORTH,West Midlands,England,0.2016758909636373,0.651476749599131,0.1070966740805876,,,,,,,,0.03975068535664408,
553,287,STOKE-ON-TRENT SOUTH,West Midlands,England,0.2236785189030193,0.619538887447011,0.10186867376070595,,,,,,,,0.05491391988926378,
554,288,STONE,West Midlands,England,0.4683837660624788,0.39644647096506763,0.12043561819346572,,,,,,,,0.014734144778987828,
555,314,STOURBRIDGE,West Midlands,England,0.35828252952656886,0.47186173316432267,0.14331703587452968,,,,,,,,0.02653870143457878,
556,657,STRANGFORD,Northern Ireland,Northern Ireland,,,,,0.1313582738653019,0.302241764578678,0.06667627766164493,0.012085826185155819,,0.44285062111055046,0.04478723659866888,
557,293,STRATFORD-ON-AVON,West Midlands,England,0.48256815729721897,0.20538172917438283,0.25541474097811556,,,,,,,,0.056635372550282614,
558,637,STRATHKELVIN & BEARSDEN,Scotland,Scotland,0.2008770518184744,0.5286047634373994,0.09742114579980689,0.16315980045059542,,,,,,,0.00993723849372385,
559,203,STREATHAM,London,England,0.21740002227915783,0.6278489473097917,0.13550183803052246,,,,,,,,0.019249192380528017,
560,459,STRETFORD & URMSTON,North West,England,0.3047540815278776,0.5848649758702126,0.08169216552007393,,,,,,,,0.02868877708183592,
561,252,STROUD,South West,England,0.3791546448889106,0.426589727289028,0.1548893996446444,,,,,,,,0.03936622817741699,
562,137,SUFFOLK COASTAL,Eastern,England,0.3856655290102389,0.3278228100113766,0.2139505119453925,,,,,,,,0.07256114903299203,
563,526,SUNDERLAND NORTH,North East,England,0.16669719728888074,0.6821500536466647,0.10396985319132232,,,,,,,,0.04718289587313218,
564,527,SUNDERLAND SOUTH,North East,England,0.18875391358797747,0.6806261740763933,0.11536631183469004,,,,,,,,0.015253600500939261,
565,108,SURREY HEATH,South East,England,0.5158796871573715,0.21034646590161538,0.21825889920327463,,,,,,,,0.05551494773773847,
566,204,SUTTON & CHEAM,London,England,0.3784506922619553,0.1545910133355984,0.4229805487131572,,,,,,,,0.04397774568928905,
567,315,SUTTON COLDFIELD,West Midlands,England,0.5223755271845957,0.23831606267055971,0.19348867388026947,,,,,,,,0.045819736264575105,
568,568,SWANSEA EAST,Wales,Wales,0.0926203651031701,0.7537622175104721,0.08894864767026943,0.03382117184671873,,,,,,,0.0308475978693696,
569,569,SWANSEA WEST,Wales,Wales,0.20482344510613062,0.5621092688230498,0.14509871753688008,0.06609997776075514,,,,,,,0.021868590773184413,
570,289,TAMWORTH,West Midlands,England,0.36731255265374896,0.5176716010751394,0.08073574838528504,,,,,,,,0.034280097885826616,
571,431,TATTON,North West,England,0.37459009673717003,,,,,,,,,,0.62540990326283,
572,256,TAUNTON ,South West,England,0.3871596925144646,0.13518873645736015,0.4272016521610857,,,,,,,,0.05044991886708954,
573,235,TEIGNBRIDGE,South West,England,0.39207244419731513,0.17969656048931607,0.3876082294066248,,,,,,,,0.040622765906743984,
574,276,TELFORD,West Midlands,England,0.2739275705971114,0.5781418409139901,0.11777861608105195,,,,,,,,0.03015197240784652,
575,253,TEWKESBURY,South West,England,0.45751596387274923,0.26203762296496574,0.28044641316228497,,,,,,,,0.0,
576,45,THURROCK,Eastern,England,0.26772854359061254,0.6332288401253918,0.0813987969160383,,,,,,,,0.017643819367957298,
577,236,TIVERTON & HONITON,South West,England,0.4132997344788513,0.12849870621860676,0.3853439090801468,,,,,,,,0.0728576502223951,
578,91,TONBRIDGE & MALLING,South East,England,0.48020475735846757,0.27240041438989215,0.19230534847346076,,,,,,,,0.05508947977817953,
579,205,TOOTING,London,England,0.27122871705888735,0.5968116256371326,0.09369916494957163,,,,,,,,0.03826049235440841,
580,237,TORBAY,South West,England,0.39537151644724505,0.14858782491279396,0.39559656426990736,,,,,,,,0.06044409437005364,
581,546,TORFAEN,Wales,Wales,0.12318187073650133,0.6905538212510117,0.12137819401086831,0.02409527112961036,,,,,,,0.04079084287200833,
582,238,TORRIDGE & WEST DEVON,South West,England,0.38527348042945303,0.12374672415250655,0.4183616535632767,,,,,,,,0.07261814185476372,
583,239,TOTNES,South West,England,0.3652104372407893,0.16358868492997825,0.3488999237478845,,,,,,,,0.12230095408134799,
584,206,TOTTENHAM,London,England,0.1570390409505623,0.6927912157861235,0.10778697220454063,,,,,,,,0.042382771058773604,
585,228,TRURO & ST AUSTELL,South West,England,0.26434877614675667,0.15325920312968086,0.48464235994854354,,,,,,,,0.09774966077501894,
586,92,TUNBRIDGE WELLS,South East,England,0.45193779211647434,0.2043057451296687,0.2967076146751044,,,,,,,,0.047048848078752536,
587,638,"TWEEDDALE, ETTRICK & LAUDERDALE",Scotland,Scotland,0.2210968949514115,0.27406989564370143,0.3122484038870798,0.17104689623342992,,,,,,,0.021537909284377325,
588,207,TWICKENHAM,London,England,0.3776141992294992,0.15590602641717116,0.4512417446340121,,,,,,,,0.015238029719317557,
589,528,TYNE BRIDGE,North East,England,0.11078909612625538,0.7680631276901004,0.07991391678622668,,,,,,,,0.041233859397417506,
590,529,TYNEMOUTH,North East,England,0.3332160381600297,0.5535941196019784,0.08814732273766934,,,,,,,,0.02504251950032256,
591,208,UPMINSTER,London,England,0.394854667344321,0.46189404390232097,0.09484740676202232,,,,,,,,0.048403881991335704,
592,658,UPPER BANN,Northern Ireland,Northern Ireland,,,,,0.06313432523489652,0.11471739175926507,0.24240902337455794,0.12080691401427167,,0.43601816393579845,0.02291418168121037,
593,209,UXBRIDGE,London,England,0.43555181128896375,0.4181249247803586,0.10899025153448068,,,,,,,,0.037333012396196893,
594,534,VALE OF CLWYD,Wales,Wales,0.2980169682101605,0.5268578145763059,0.0875242768067055,0.05880098129408157,,,,,,,0.0287999591127466,
595,564,VALE OF GLAMORGAN,Wales,Wales,0.3435471306154246,0.5388952776644286,0.09172014690061951,0.025837444819527395,,,,,,,0.0,
596,384,VALE OF YORK,Yorkshire and the Humber,England,0.44710410213085516,0.2646015206983948,0.23760443067680465,,,,,,,,0.05068994649394537,
597,210,VAUXHALL,London,England,0.15210157169917576,0.6378948446219219,0.16024164234884555,,,,,,,,0.049761941330056826,
598,423,WAKEFIELD,Yorkshire and the Humber,England,0.28469278611892407,0.5739610981262132,0.11203105811512103,,,,,,,,0.02931505763974171,
599,491,WALLASEY,North West,England,0.23888307751424973,0.6460730525371987,0.08323548876032705,,,,,,,,0.031808381188224495,
600,316,WALSALL NORTH,West Midlands,England,0.27548381137129924,0.5661863193385986,0.0935291672440072,,,,,,,,0.06480070204609487,
601,317,WALSALL SOUTH,West Midlands,England,0.3170771187420511,0.5786564920800092,0.0623887154584345,,,,,,,,0.04187767371950515,
602,211,WALTHAMSTOW,London,England,0.20317064036949195,0.631306952939708,0.13708650605417552,,,,,,,,0.028435900636624642,
603,516,WANSBECK,North East,England,0.13944478880722572,0.6545869122465244,0.15943504825998406,,,,,,,,0.04653325068626583,
604,221,WANSDYKE ,South West,England,0.3530207229267936,0.44071854098899893,0.16821388107159826,,,,,,,,0.03804685501260919,
605,97,WANTAGE,South East,England,0.3980624096772467,0.2894253242698353,0.2651608414066263,,,,,,,,0.047351424646291634,
606,318,WARLEY,West Midlands,England,0.24071169619211683,0.6379811277093564,0.09711259095467051,,,,,,,,0.02419458514385622,
607,432,WARRINGTON NORTH,North West,England,0.23999531716454314,0.6210025170240581,0.10356871085442235,,,,,,,,0.03543345495697645,
608,433,WARRINGTON SOUTH,North West,England,0.32522421117606476,0.5214226062960676,0.13069605315711122,,,,,,,,0.022657129370756326,
609,294,WARWICK & LEAMINGTON,West Midlands,England,0.388560682964171,0.445108252483733,0.11870329999500757,,,,,,,,0.04762776455708841,
610,73,WATFORD,Eastern,England,0.34808820334564416,0.45294735317546525,0.16786153957563907,,,,,,,,0.031102903903251503,
611,138,WAVENEY,Eastern,England,0.3447583154077261,0.5597411601571528,0.08984729160370482,,,,,,,,0.00565323283141633,
612,29,WEALDEN,South East,England,0.49775799928932807,0.1723379414203286,0.2574155231052979,,,,,,,,0.07248853618504543,
613,434,WEAVER VALE,North West,England,0.2856255564066997,0.5640462930374113,0.12316515186020993,,,,,,,,0.027162998695679178,
614,356,WELLINGBOROUGH,East Midlands,England,0.4382206114871467,0.44154275258043313,0.09378386540887207,,,,,,,,0.02645277052354812,
615,257,WELLS,South West,England,0.39389854558354026,0.18098616530684639,0.3845335225257183,,,,,,,,0.040581766583895,
616,74,WELWYN HATFIELD,Eastern,England,0.36514499320344357,0.47077480743090167,0.13519483461712734,,,,,,,,0.028885364748527414,
617,400,WENTWORTH,Yorkshire and the Humber,England,0.14997247552715348,0.7234149493789043,0.09255403173691391,,,,,,,,0.03405854335702831,
618,639,WEST ABERDEENSHIRE & KINCARDINE,Scotland,Scotland,0.34905791398546365,0.09080598120457387,0.41067543169297716,0.13075783528540344,,,,,,,0.018702837831581873,
619,319,WEST BROMWICH EAST,West Midlands,England,0.24407645768554004,0.571504326656543,0.14893822161158918,,,,,,,,0.03548099404632776,
620,320,WEST BROMWICH WEST,West Midlands,England,,,,,,,,,,,1.0,
621,46,WEST CHELMSFORD,Eastern,England,0.40597845570787167,0.26351639722075215,0.2917527357153832,,,,,,,,0.038752411355992965,
622,333,WEST DERBYSHIRE,East Midlands,England,0.42095177821141644,0.3350737478684317,0.17474465130179492,,,,,,,,0.06922982261835697,
623,247,WEST DORSET,South West,England,0.4114878996115925,0.17722960860472065,0.3771287720346579,,,,,,,,0.034153719749028984,
624,212,WEST HAM,London,England,0.1496390481566204,0.7287662279789667,0.07364605923769348,,,,,,,,0.04794866462671935,
625,477,WEST LANCASHIRE,North West,England,0.2905772076961026,0.6033729832447149,0.07195453964077546,,,,,,,,0.03409526941840706,
626,640,WEST RENFREWSHIRE,Scotland,Scotland,0.1856683255416478,0.4656160458452722,0.07653445935756296,0.26506811441210476,,,,,,,0.0071130548434122556,
627,139,WEST SUFFOLK,Eastern,England,0.4091316572266819,0.3710932724827839,0.14041807587302882,,,,,,,,0.0793569944175054,
628,659,WEST TYRONE,Northern Ireland,Northern Ireland,,,,,0.017914640734737978,,0.32073473797947055,0.30858995137763373,,0.3458238789843328,0.006936790923824959,
629,270,WEST WORCESTERSHIRE,West Midlands,England,0.4503688391699092,0.1568174448767834,0.37242623216601817,,,,,,,,0.020387483787289235,
630,264,WESTBURY,South West,England,0.4060742803758086,0.21097812483474643,0.29876081860005993,,,,,,,,0.084186776189385,
631,641,WESTERN ISLES,Scotland,Scotland,0.0664969576555321,0.556003973674407,0.03073388799205265,0.3339749161803055,,,,,,,0.01279026449770272,
632,498,WESTMORLAND & LONSDALE,North West,England,0.42265808077824385,0.20582501329237313,0.33362871940292627,,,,,,,,0.037888186526456744,
633,222,WESTON-SUPER-MARE,South West,England,0.37718492983869456,0.1790471551417277,0.4010528879479926,,,,,,,,0.042715027071585136,
634,460,WIGAN,North West,England,0.16887651475387389,0.6856158287500855,0.10018485132020356,,,,,,,,0.045322805175836964,
635,213,WIMBLEDON,London,England,0.365795134866788,0.42764355452589775,0.16577031275856363,,,,,,,,0.04079099784875062,
636,63,WINCHESTER,South East,England,0.4205691816804651,0.10519869790827174,0.4206014116736968,,,,,,,,0.05363070873756637,
637,13,WINDSOR,South East,England,0.48199129595714935,0.18288336188732007,0.28670171914692505,,,,,,,,0.04842362300860558,
638,492,WIRRAL SOUTH,North West,England,0.36375922653082443,0.5093876702359913,0.10433516997608899,,,,,,,,0.02251793325709533,
639,493,WIRRAL WEST,North West,England,0.39021113243761996,0.44860311367029215,0.12678609511622949,,,,,,,,0.03439965877585839,
640,98,WITNEY,South East,England,0.43052428148437083,0.3059165617630893,0.19861349976064255,,,,,,,,0.0649456569918973,
641,109,WOKING,South East,England,0.3840397533095023,0.21006010134737008,0.2725183643005853,,,,,,,,0.13338178104254234,
642,14,WOKINGHAM,South East,England,0.5006386205795482,0.16811686756605732,0.3137423165961523,,,,,,,,0.017502195258242197,
643,321,WOLVERHAMPTON NORTH EAST,West Midlands,England,0.27889283385261937,0.5925657561046301,0.0534743859140642,,,,,,,,0.07506702412868632,
644,322,WOLVERHAMPTON SOUTH EAST,West Midlands,England,0.20155038759689922,0.6374389893769739,0.09451622164800459,,,,,,,,0.0664944013781223,
645,323,WOLVERHAMPTON SOUTH WEST,West Midlands,England,0.39939903109094255,0.5040166799533943,0.08200977085505202,,,,,,,,0.01457451810061119,
646,223,WOODSPRING,South West,England,0.44446264148196674,0.20702769589110892,0.3037267532845653,,,,,,,,0.04478290934235907,
647,271,WORCESTER,West Midlands,England,0.35690346577810494,0.50074584939654,0.125186462349135,,,,,,,,0.017164222476219997,
648,499,WORKINGTON,North West,England,0.2442783651314457,0.6423826305342893,0.08034593105683153,,,,,,,,0.03299307327743347,
649,461,WORSLEY,North West,England,0.24244885744212394,0.621684017015455,0.13586712554242106,,,,,,,,0.0,
650,117,WORTHING WEST,South East,England,0.46135453520469655,0.1622604097818903,0.31141868512110726,,,,,,,,0.06496636989230589,
651,277,"WREKIN, THE",West Midlands,England,0.40244764513563663,0.4692718918441283,0.12828046302023505,,,,,,,,0.0,
652,535,WREXHAM,Wales,Wales,0.23853714787765637,0.5614738344956345,0.1326945252869145,0.03212344187578936,,,,,,,0.035171050464005274,
653,21,WYCOMBE,South East,England,0.3992813318297368,0.35398230088495575,0.18498059978210593,,,,,,,,0.06175576750320151,
654,272,WYRE FOREST,West Midlands,England,0.36140223412950684,0.4875669784760694,0.07950231586595223,,,,,,,,0.07152847152847153,
655,462,WYTHENSHAWE & SALE EAST,North West,England,0.2510047657742736,0.5808534469505633,0.12384424483341752,,,,,,,,0.044297542441745545,
656,258,YEOVIL ,South West,England,0.27650639187464154,0.14898340517640093,0.48746600558710895,,,,,,,,0.08704419736184855,
657,550,YNYS-MON,Wales,Wales,0.21460055096418731,0.3324567993989482,0.0384923616328575,0.39459053343350864,,,,,,,0.01985975457049837,
658,385,"YORK, CITY OF",Yorkshire and the Humber,England,0.24737338246636387,0.5991258891078927,0.11204044905304654,,,,,,,,0.04146027937269689,
