,id,Constituency,1964 Vote Share,1966 Vote Share,1970 Vote Share,1974 (F) Vote Share,1974 (O) Vote Share,1979 Vote Share,1983 Vote Share,1987 Vote Share,1992 Vote Share,1997 Vote Share,2001 Vote Share,2005 Vote Share,2010 Vote Share,2015 Vote Share,2017 Vote Share,2019 Vote Share
0,W07000049,ABERAVON,0.027447990414987473,0.03619949946371112,0.023573705264508953,,0.00903684578104167,0.007907909857618666,,,0.017644563128603158,0.03645413341489864,0.09748261013580656,0.04245283018867924,0.08892693326442276,0.05148621641341243,,0.023134375593391987
1,W07000058,ABERCONWY,,,,,,,,,,,,,0.004571848094507108,,,
2,S14000001,ABERDEEN NORTH,,0.016863683272352003,0.011674808407654731,0.23,,,0.008959304738422479,,,0.012052583626187687,0.014955364495832922,0.018862259103564993,0.02395161932044243,0.008922068463219229,0.01420137660853715,
3,S14000002,ABERDEEN SOUTH,,,,0.14,,,,,,0.009645499523398847,0.01341827053402006,0.028134835780014897,0.015499372589115584,0.0028629688368931637,,
4,S14000003,AIRDRIE AND SHOTTS,,,,,,,,,,,,,0.01472844430806996,,,
5,E14000530,ALDERSHOT,,,,,0.019105129386077137,,,,0.01613053613053613,0.027275581245037026,0.05025613849143261,0.0506013585093787,0.02278335977436982,,,
6,E14000531,ALDRIDGE-BROWNHILLS,,,,,,,,,,,,0.06858630801901103,0.01019827095304654,0.004987720586373649,0.014042500310674786,0.008540491078237
7,E14000532,ALTRINCHAM AND SALE WEST,,,,,,,,,,,,,,,0.0056639515059670395,0.012380621952778335
8,W07000043,ALYN AND DEESIDE,,,,,,,,,,,,,0.03426596197680535,,,
9,E14000533,AMBER VALLEY,,,,,,,0.01661136015214143,,,0.04167959835691465,,0.06868392732797367,0.07528613081509204,,0.012027678941738883,
10,S14000004,ANGUS,,,,,,,,,,0.020498653542575913,0.0209065204352669,0.014575960152051383,,,,
11,W07000057,ARFON,,,,,,,,,,,,,,0.015240153519394865,,
12,S14000005,ARGYLL AND BUTE,,,,,,,,,,,,,0.00946756033357666,,,
13,E14000534,ARUNDEL AND SOUTH DOWNS,,,,,,,,,,,,,,,,0.009054194893173528
14,E14000535,ASHFIELD,,,,,,0.006327096547987123,,,,0.049226330454716125,0.062007623888182976,0.13243442486504484,0.08878330151879824,0.003227235335062963,0.09225291540815714,0.2755818701510821
15,E14000536,ASHFORD,,,,,,0.014389099938453703,0.02545060080106809,0.01467343128194489,,0.07143632220494087,0.05386236101549951,0.06526071394021477,,,,0.014352553322566143
16,E14000537,ASHTON-UNDER-LYNE,,,,,,,0.009643407179244166,,0.027579209518978,,,0.09167635999675386,0.07621253122398002,,,
17,E14000538,AYLESBURY,,,,,,,0.0031880161321298254,,0.014796062769269473,0.04103971922021059,0.025424246745574183,0.04817333851535173,,,0.01054726706700917,
18,S14000006,"AYR, CARRICK AND CUMNOCK",,,,,,,,,,,,,,,,
19,E14000539,BANBURY,0.009234760051880675,,,,0.010698638710686903,0.008854221566353957,0.007792313482940327,,0.0042689798845667835,0.055949081203161895,0.03835775987576434,0.07411624472949171,0.009317046282960829,0.012567232105916426,0.015057990318703095,
20,S14000007,BANFF AND BUCHAN,,,,,,,,,,,,,0.026256954193313576,,,
21,E14000540,BARKING,,,,,0.04927613622878842,0.04141166870665035,0.018877849210987726,,,,0.06391785401576057,0.2379578093863808,0.16112740665593367,0.004251759949815292,0.0061872103022294934,
22,E14000541,BARNSLEY CENTRAL,,,,,,,,,,0.03631629436754831,0.025523726536688086,0.09009260877162327,0.1352666144158266,0.028719912472647702,0.005398214240028654,0.02433406498116684
23,E14000542,BARNSLEY EAST,,,,,,,,,,,,,0.13801906945240452,0.040345821325648415,0.036835393368648224,
24,E14000543,BARROW AND FURNESS,,,,,,,,,,,,,0.02458979240322727,,,
25,E14000544,BASILDON AND BILLERICAY,,,,,,,,,,,,,0.0465250547282831,,,0.005076142131979695
26,E14000545,BASINGSTOKE,,,,,0.011343532105317931,0.008592897215241287,0.006220389859317927,,,,0.02504427544535889,0.061114228123766184,0.004876219054763691,0.007385635692214937,0.003806290207290922,0.013634785151609307
27,E14000546,BASSETLAW,,,,,0.007642453077585884,,,,,0.03829086894023041,0.017714359172130094,,0.008209451963612158,,0.019406698564593303,
28,E14000547,BATH,0.00693838366207017,,0.018407327869570934,,0.003062537005655485,0.02595047649749159,0.017275955713390433,0.013259476569134563,0.015236537254379791,,0.04702350095040608,0.07633737673444455,0.008622520494414476,0.011915110140564377,,0.006540335264106793
29,E14000548,BATLEY AND SPEN,,,,,,,,,,,,,0.07210080416365024,,0.021085905541093342,0.12152587526215353
30,E14000549,BATTERSEA,,,,,,,0.023315649263416744,0.014257952769211272,0.013044892025783746,0.02491718885161508,0.01116726442777959,0.05037881556188945,0.00661993769470405,,0.022993933669948056,
31,E14000550,BEACONSFIELD,,,,,,0.010582828009733113,,,0.031751735093326273,0.09376307244875601,0.03858200455580866,0.048296303104105875,0.012688131072585254,,,0.3041750190087786
32,E14000551,BECKENHAM,,,,,,0.031607402786442085,0.004935450147091002,,0.01914227071405423,0.06029438822447102,0.043391422676792066,0.04364431010538355,0.025667910917250347,,,
33,E14000552,BEDFORD,,,,,,0.013369731454225526,,,,0.033752860411899316,0.03457453362576702,0.03037649743297205,0.01944481397720722,0.0027991146986069524,,
34,N06000001,BELFAST EAST,0.043308206514009386,,,,0.4059048823113821,0.07842868069583636,0.016524890133895298,,0.0757452990975385,0.04550462476619949,0.26324363952320184,0.13288573189322436,0.053815819995360704,,0.0012590347400326417,
35,N06000002,BELFAST NORTH,0.05455123998170356,,0.19626199810734082,,0.05959723096286973,0.1893066313999622,0.02673330347250053,0.15403628857018686,0.05605056523918249,0.022290842420148605,0.009454705364995602,0.024688932547478715,0.010893952910010002,0.035671174833099305,0.007836990595611285,
36,N06000003,BELFAST SOUTH,0.029480592155466247,,,,0.13169403252097167,0.052917290019234876,,,0.043145545497856125,0.21656873670347482,0.1697143760539629,0.07618333957786937,,0.009266627307030829,,0.011615137692177733
37,N06000004,BELFAST WEST,0.34593572778827975,0.5198821505546438,0.5275215146299483,,0.14485918339846382,0.08477784119926698,0.23274579633052336,,0.024093069802351763,0.019919363626457447,0.023180908691620712,0.02121870024605587,,0.20931812392085822,0.11025521128147073,0.20187200247537518
38,E14000553,BERMONDSEY AND OLD SOUTHWARK,,,,,,,,,,,,,0.03684128015050055,,0.0019309307769860393,
39,S14000008,"BERWICKSHIRE, ROXBURGH AND SELKIRK",,,,,,,,,,,,,0.0027339127596197007,,,
40,E14000554,BERWICK-UPON-TWEED,,,,,,,,0.009014794729080443,,0.04246106738750807,0.028340861518122727,,0.03155649210437316,0.002176978452860995,,
41,E14000555,BETHNAL GREEN AND BOW,,,,,,,,,,,,,0.21303816432739314,,0.06498955286251568,0.007248769855685083
42,E14000556,BEVERLEY AND HOLDERNESS,,,,,,,,,,,,,0.04332788210304705,,0.02081311333980373,0.026913451122483285
43,E14000557,BEXHILL AND BATTLE,,,,,,,,,,,,,0.08516679795555718,,,
44,E14000558,BEXLEYHEATH AND CRAYFORD,,,,,,,,,,,,,0.05807975545366125,,0.006417490982318706,0.012024233455117236
45,E14000559,BIRKENHEAD,,0.015013671389510316,0.008476622874806801,,,0.0073361942892762105,0.0071850414685627785,,0.01602781361380185,0.050047046257915215,,,,,,0.17210423114177043
46,E14000560,"BIRMINGHAM, EDGBASTON",,,,,,,,,,0.03111523780047457,0.023444329651116588,0.04956020302410247,0.0353371340598013,,0.0035540676877923506,
47,E14000561,"BIRMINGHAM, ERDINGTON",,,,,,,,,,0.03524141856609003,0.07234348451182852,0.08423108423108423,0.07035953412479604,,,
48,E14000562,"BIRMINGHAM, HALL GREEN",,,,,,,,,,0.034936272985963315,0.02140007254261879,0.02779708130646282,0.2550947113509964,,,0.08075825442724575
49,E14000563,"BIRMINGHAM, HODGE HILL",,,,,,,,,,0.019328198670454214,0.08063480068014359,0.08635675827849526,0.06992842343190808,,,0.005710730395751394
50,E14000564,"BIRMINGHAM, LADYWOOD",,,,,,,,,,0.04663348869052321,0.11627980821134855,0.06039824339770198,,,,
51,E14000565,"BIRMINGHAM, NORTHFIELD",,,,,,,,,,0.040672381393672616,0.03230175391074694,0.08053194229778465,0.062060553881475106,,,0.005893544944080932
52,E14000566,"BIRMINGHAM, PERRY BARR",,,,,,,,,,0.054024015516377186,0.07413742416548627,0.09786435712266454,0.024592698299441076,,0.015634545331131074,0.0035115192065864713
53,E14000567,"BIRMINGHAM, SELLY OAK",,,,,,,,,,0.04500494559841741,0.04680798004987531,0.061044561571633925,0.042501557030260075,,,
54,E14000568,"BIRMINGHAM, YARDLEY",,,,,,,,,,0.02143594357847937,0.015994135483655993,0.062417179164826204,0.0612484700122399,,0.002247090018426138,
55,E14000569,BISHOP AUCKLAND,,,,,,,,,,0.045688475820286206,0.0272828652195337,0.0343317247167436,0.09723842862699339,,0.022896883158891893,
56,E14000570,BLACKBURN,,,,,0.04446692803844694,0.014557353395856952,0.015215821636757481,,0.02559205500381971,0.09841035898515633,0.06585741237215768,0.14548498983375194,0.08776017055319897,,0.01847837524992108,0.007130722460658083
57,E14000571,BLACKLEY AND BROUGHTON,,,,,,,,,,,,,0.10601099286633142,,0.0043377458679231175,
58,E14000572,BLACKPOOL NORTH AND CLEVELEYS,,,,,,,,,,,,,0.04321154935823212,,,0.011416348830017523
59,E14000573,BLACKPOOL SOUTH,,,,,,,0.006701319879732966,,0.003937097471609658,0.0,0.02111260053619303,0.05117103959104898,0.04864741986815185,0.022444197804908125,,0.011235955056179775
60,W07000072,BLAENAU GWENT,,,,,,,,,,0.0,,0.587132279935321,0.24849513813860163,,0.020565711462450592,
61,E14000574,BLAYDON,,,,,,,,,,0.03074578116494284,,0.026092745755767803,0.050698016164584865,,0.004055403044671824,0.017709769926227536
62,E14000575,BLYTH VALLEY,,,,,,,0.009669889963321108,,,0.0,,,0.07376964165326971,,,
63,E14000576,BOGNOR REGIS AND LITTLEHAMPTON,,,,,,,,,,,,,0.045355587808417995,,0.040660539024770216,0.02368076840481815
64,E14000577,BOLSOVER,,,,,,,,,,,0.0,,0.060016368100391015,,,0.021485480430144976
65,E14000578,BOLTON NORTH EAST,,,,,,,0.006384571353088812,,0.0037509066417987773,0.036011136626902675,0.026598202824133506,0.03310666197068624,0.004205467107239411,,,
66,E14000579,BOLTON SOUTH EAST,,,,,,,0.005959571555126037,,0.06426091870509405,0.026367390251216868,0.024184575745154303,0.037142857142857144,0.055726694273305726,,,
67,E14000580,BOLTON WEST,,,,,,,,,0.0040272510655435115,0.04554515866558177,0.009632649099820449,0.0219026712379449,0.00821842946023205,0.010907145209087915,,
68,E14000581,BOOTLE,,0.060051001368329394,,,0.01195606839983317,0.020665562688564752,,,0.028631159780985564,0.02922324255029694,0.0595419294049431,0.06670049176488954,0.03425636553044068,0.011073706591070162,0.008431434934775692,
69,E14000582,BOSTON AND SKEGNESS,,,,,,,,,,,,,0.05678840579710145,,0.0065999673499848414,0.03424788948580199
70,E14000583,BOSWORTH,,,,,,0.008933834606164608,,0.01052279140957574,,0.029164189979483442,,0.03928503757973852,0.06024984338725725,,,
71,E14000584,BOURNEMOUTH EAST,,,,,0.02061291045333466,0.02679416547338786,0.08793308423913043,,0.006016055003931465,0.05984067047338368,0.03139752507053269,0.04792680656400436,0.005656005815009995,0.020144109576817542,0.00625282817063639,0.015444250517514307
72,E14000585,BOURNEMOUTH WEST,,,,,,0.010130681161096333,0.00359827282904206,,0.004095105290099377,0.05987047136735489,0.03162149310508797,0.05945643202452541,0.010946014066588253,0.002369951882795107,0.009391781068146584,
73,E14000586,BRACKNELL,,,,,,,,,,0.07429219339662554,0.032298035710658354,0.04350716646135195,0.025184133803897498,,0.007818650254061404,0.010174793008279668
74,E14000587,BRADFORD EAST,,,,,,,,,,,,,0.06644091257384384,0.005071728734965947,0.08758932094165096,
75,E14000588,BRADFORD SOUTH,,,,,,,0.006231664137582195,,0.002950801066828078,0.03961560655155577,0.05339101232319208,0.12375358557574102,0.07806290301355441,,0.009184145776998222,
76,E14000589,BRADFORD WEST,,,,,,,0.0028308995743467546,,0.02463939852081886,0.10630266853932584,0.08590044305446964,0.09994775770573841,0.07524152208201892,0.21729957805907174,0.14197856264276928,0.0020333928289012902
77,E14000590,BRAINTREE,,,,,,,,,,0.05669713545415287,0.05491404153830866,0.05121100744510414,0.021949881104810682,0.008014637153710001,,0.04295134557119943
78,W07000068,BRECON AND RADNORSHIRE,,,,,,,,,,,,,0.011121122409576523,,,0.014279145187444033
79,E14000591,BRENT CENTRAL,,,,,,,,,,,,,0.019438254307967258,0.011694165674434428,,
80,E14000593,BRENTFORD AND ISLEWORTH,,,,,0.026090454571576348,0.02600642532799684,,,,,,,0.024383892867106852,,,
81,E14000592,BRENT NORTH,,,,,0.025014947250670216,0.01577178783061136,,,0.016208936559088068,0.010556923560538587,,0.022728546606131942,0.02512524379517381,0.0037714176318560354,0.004234285309333144,0.005204417972590065
82,E14000594,BRENTWOOD AND ONGAR,,,,,,,,,,,,,0.04573845667299178,,0.0019656019656019656,0.010047404105837692
83,W07000073,BRIDGEND,,,,,,,,,,0.038417974619172006,0.006026049829757337,0.02868538524525212,0.026599212454690067,0.026689985552429473,0.014934689631256503,
84,E14000595,BRIDGWATER AND WEST SOMERSET,,,,,,,,,,,,,0.02930651643330336,,,0.013095816276972178
85,E14000596,BRIGG AND GOOLE,,,,,,,,,,,,,0.034143228335688565,,,
86,E14000597,"BRIGHTON, KEMPTOWN",,,,,,,,,,0.04833954738576259,0.0655817156850241,0.10523930612553187,0.004542793583889474,,0.004308330115633955,
87,E14000598,"BRIGHTON, PAVILION",,,,,,,,,,0.08200036771465342,0.13078604228568622,0.24213887038610837,0.004398657251996759,,0.006517932983167785,0.011896961964205663
88,E14000599,BRISTOL EAST,,,,,,,0.013358661682701146,0.005694715463342758,0.005365979688773178,0.04985373747432626,0.060767590618336885,0.07790028763183125,0.05533465135393296,0.004955315603834419,,
89,E14000600,BRISTOL NORTH WEST,,,,,,,,,0.012172315912506261,0.07627839623495339,0.03250650775552352,0.05316684915354165,0.012615225683407501,0.003088504970562687,,
90,E14000601,BRISTOL SOUTH,,,,,,,0.013893369898370705,0.014717151671153204,0.017771402386787004,0.054473615595980664,0.06041005613863803,0.08145908145908146,0.04847344812617566,0.0059399708902088824,0.002133058732668898,
91,E14000602,BRISTOL WEST,,,,,,,0.019601778465107286,0.02267113945515538,0.023452086111640312,0.03906387190498236,0.05463037815503458,0.054376611610565194,0.01107557771875621,0.00460929957332835,0.001410456932186348,
92,E14000603,BROADLAND,,,,,,,,,,,,,0.016535044422507403,,,0.006370991803710269
93,E14000604,BROMLEY AND CHISLEHURST,,,,,,,,,,,,,0.032836024252333264,,,0.00820787429223544
94,E14000605,BROMSGROVE,,,,,,,0.014422980077755172,,,0.031804351570124574,0.02434112599597233,0.04013804643380046,0.09196203757505327,,,
95,E14000606,BROXBOURNE,,,,,,,0.0100700086257046,,0.0034339229968782517,0.051409230245231606,0.04507861012022724,0.08388303632962489,0.06082176179420912,,,
96,E14000607,BROXTOWE,,,,,,,,,0.004804145009755858,0.035983968901044085,,0.04817030692947588,0.026969105012612134,0.0011788922155688622,,0.10119047619047619
97,E14000608,BUCKINGHAM,,,,,,0.009874691031616227,,,0.007476279227380549,0.008522612251508159,0.02138186958826648,0.029643736932535657,0.8261922002689562,0.6447329211055651,0.7581199339395205,0.013788647609442466
98,E14000609,BURNLEY,,,,,,0.00887163848073191,,,,0.044424798320256385,0.13602103893287062,0.27081035323089553,0.14147448918628272,,,0.03319310486353376
99,E14000610,BURTON,,,,,,,,,,0.0110803324099723,0.02738015799556579,0.07654233323587152,0.04835116311743572,,,
100,E14000611,BURY NORTH,,,,,,,,,0.002765477341748528,0.02428568833669373,,0.05830464231868404,0.04753008162629835,,,
101,E14000612,BURY SOUTH,,,,,,,,,0.004220815283794291,0.02413752034618286,,0.04127292230678858,0.04634636501129136,0.0036005506724557873,0.004785252010198078,0.035266738274257074
102,E14000613,BURY ST EDMUNDS,,,,,,,,,,0.05782980639351643,0.041029110372684405,0.06579372470020335,,,0.013706563706563707,0.027341543328437464
103,W07000076,CAERPHILLY,,,,,,,,,,0.03549890653648192,0.0,0.016212495857656325,0.04225679727075365,0.004418737432663903,,
104,S14000009,"CAITHNESS, SUTHERLAND AND EASTER ROSS",,,,,,,,,,,,,0.018075639599555063,,,
105,E14000614,CALDER VALLEY,,,,,,,,,,0.040714766408103994,0.05134422772799157,0.06820180029307096,0.04536500579374276,0.010347210548925123,0.017811003548420436,0.01247555932379354
106,E14000615,CAMBERWELL AND PECKHAM,,,,,,,,,,,,,0.02501125184851797,,0.006235630181843517,0.0022481059265028677
107,E14000616,CAMBORNE AND REDRUTH,,,,,,,,,,,,,0.02219189042901184,,,0.013421486290626799
108,E14000617,CAMBRIDGE,,0.009088650573475219,,,0.01675469983529278,0.005559925629290618,0.005672352241174137,0.011034304302824191,0.01936135252311286,0.045131381600732386,0.06896068727238772,0.055337510615345774,0.010113704368641532,0.0036118515084791595,0.0023778024099831946,0.0050066072325932
109,E14000618,CANNOCK CHASE,,,,,,,,,,0.09351487606462208,,0.050283860502838604,0.06365372374283895,,,
110,E14000619,CANTERBURY,,,,,0.017608405764503638,0.014133585665149672,0.023108344680023343,0.0196256199669351,0.01617434238528986,0.06270675857990353,0.03817690330585837,0.05827221720217707,0.0035156170619195675,0.0030861311138127745,,0.008400845075108545
111,W07000050,CARDIFF CENTRAL,,,,,,,,,0.010136079783763631,0.07748562232267531,0.03966477240112508,0.03135724565482121,0.01078808331719731,0.0037261294829995344,,0.011644588972311224
112,W07000051,CARDIFF NORTH,,,,,,,,,0.004336440766733005,0.02472776769509982,0.014176688251618871,0.014836860670194003,0.006298551333193366,0.007995933608336102,,0.003854479170622413
113,W07000080,CARDIFF SOUTH AND PENARTH,,,,,,,,,,,,,,,,
114,W07000079,CARDIFF WEST,,,,,,,0.00863634133176309,,0.0040276683302688035,0.024728753382823945,0.013555144793592114,0.025867307080234946,,0.0041788454512239675,,
115,E14000620,CARLISLE,0.029171223432076458,,,,,,,,0.004339881224303335,0.03116472126034811,0.02357558222807872,0.03206758207605809,0.04087677725118483,0.0029586493530889706,,0.0243743148368437
116,W07000067,CARMARTHEN EAST AND DINEFWR,,,,,,,,,,,,,,,,
117,W07000066,CARMARTHEN WEST AND SOUTH PEMBROKESHIRE,,,,,,,,,,,,,0.00898610116769941,,,
118,E14000621,CARSHALTON AND WALLINGTON,,,,,,,,,,,,,0.023955747201533168,,0.012275136445136248,0.004073485681697829
119,E14000622,CASTLE POINT,,,,,,,,,,0.082418374703883,0.0542926117789066,0.11021352779354614,0.3193488206813841,,,
120,S14000010,CENTRAL AYRSHIRE,,,0.007239413159074893,,,,,,,,,0.03811434302908726,0.00960947284526927,,,
121,E14000623,CENTRAL DEVON,,,,,,,,,,,,,,,0.02318304404951248,
122,E14000624,CENTRAL SUFFOLK AND NORTH IPSWICH,,,,,,,,,,,,,0.009490827405466118,,,
123,W07000064,CEREDIGION,,,,,,,,,,0.0271736425620863,,0.030990068712270842,,,0.0039479970830085245,
124,E14000625,CHARNWOOD,,,,,,,,,,0.046801844302422874,0.033212472806381434,0.06373478741899795,0.05819730305180979,0.009356881804787508,0.005835870668406553,
125,E14000626,CHATHAM AND AYLESFORD,,,,,,,,,,,,,0.042778551373068234,,0.0057919358431721985,0.004891555145362252
126,E14000627,CHEADLE,,,,,,,,,0.0030084343606181616,0.028801250405047368,0.01373664174654864,0.01918333790079474,,0.01269422732837367,,
127,E14000628,CHELMSFORD,,,0.005242503220394835,,,,0.0020285919654979634,0.0071650768845184214,,,,,0.02392248090414522,0.01235669026515785,,0.010153706102727495
128,E14000629,CHELSEA AND FULHAM,,,,,,,,,,,,,0.01931955038137294,,,0.010678968838768928
129,E14000630,CHELTENHAM,,,,,,0.0068093578894972626,0.00829796448679082,,0.015536524872478825,0.041627735920322845,0.05041233416995339,0.10756287109419775,0.009339597620581215,0.005061877733320927,,0.007497009619758411
130,E14000631,CHESHAM AND AMERSHAM,,,,,,,,,,,,,,,,
131,E14000632,CHESTERFIELD,,,,,,,,,,0.003930802311778786,0.020611597398798406,0.04104621382108293,0.029669059098147866,0.007264028792766695,,0.008653122648607976
132,E14000633,CHICHESTER,,,,,,0.027269136866293266,0.015050287356321839,0.01982824364203057,0.027507279957416163,0.07382706753437673,0.07405614714424008,0.057727905955993204,,0.0018551252209524144,0.0014019159518007943,0.005437356106003951
133,E14000634,CHINGFORD AND WOODFORD GREEN,,,,,,,,,,,,,0.036143460307149815,,,
134,E14000635,CHIPPENHAM,,,,,0.005226841145392671,0.008743664619205853,,,,,,,0.02034933664216856,,,
135,E14000636,CHIPPING BARNET,,,,,0.0290514357233976,0.019644357640860265,0.0180954918727744,,0.009686254425616245,0.037223847473015235,,0.051485335409735496,0.009287069238065129,0.0022258691264406844,,0.001233302645521027
136,E14000637,CHORLEY,,,0.0059389391703266415,,0.002989512467074964,0.005704566663656341,0.009791518638545656,0.011822562217475536,0.00618100187582644,0.02533532041728763,0.01768435101768435,,0.007212600956322578,0.0026686262376237626,,0.909706546275395
137,E14000638,CHRISTCHURCH,,,,,,0.021586078639744953,,,0.007250147431227668,0.040748056015231585,0.020033490023604415,0.05152719868127606,,,,
138,E14000639,CITIES OF LONDON AND WESTMINSTER,,,0.009294084734698952,,0.024723393520020183,0.017212199776745526,,,,,,,0.012536893125016924,,0.0071143995446784295,0.005289890691196779
139,E14000640,CITY OF CHESTER,,,,,,,,,,,,,0.014810857020730926,,,
140,E14000641,CITY OF DURHAM,,,,,,,,,,,,,0.028647409841736575,,0.009187981127390117,
141,E14000642,CLACTON,,,,,,,,,,,,,0.07756881478561324,,0.02147468569486918,0.0359950351675631
142,E14000643,CLEETHORPES,,,,,,,,,,0.035405068056188455,0.021075958319581308,0.04625020073871849,,0.004768347046951585,,
143,W07000062,CLWYD SOUTH,,,,,,,,,,,0.01647957965130165,0.04394036014697398,0.03171765520025374,,,
144,W07000059,CLWYD WEST,,,,,,,,,,,0.013757225433526012,0.037401022069972485,0.008790113090708719,0.021194909014410436,,
145,S14000011,"COATBRIDGE, CHRYSTON AND BELLSHILL",,,,,,,,,,,,,,,,
146,E14000644,COLCHESTER,,,,,,,,,,0.036995731261777486,0.02537955002743735,,0.02373263399726912,0.0022431214372440477,0.003305630777850406,
147,E14000645,COLNE VALLEY,,,,,,0.0019237728805165616,0.004900113079532605,0.010924489360187887,0.01219181793551883,0.03414227721543671,0.042522399812714155,0.07209730171708913,0.04763454861111111,0.01102112676056338,0.00518040383978815,0.014451816330552453
148,E14000646,CONGLETON,,,,,,,,,0.006702277766579319,0.015182148339511026,0.016724707761240378,,0.008842063804647499,,,0.011496863697517167
149,E14000647,COPELAND,,,,,,,,0.0071725688589095,0.0032262986942210013,0.034422784259728965,,0.0631276475990165,0.03444971603524435,,,
150,E14000648,CORBY,,,,,,,0.010328043193717277,,0.01384180790960452,0.03699241988991234,0.03398839523950701,0.02585538584030004,0.0465557932000885,,,
151,E14000649,COVENTRY NORTH EAST,,,,,0.014848593764039896,0.02789690459003864,0.0115324093035287,0.006511373899892877,0.08450347881087919,0.06397005303109078,0.09056755668858178,0.07898911143970964,0.08964340870848028,0.021903341147498284,0.0017416358475961125,
152,E14000650,COVENTRY NORTH WEST,,,,,0.008451921259417277,0.0117725855895309,,,,0.06316041382865137,0.0895161100796691,0.06761361020304803,0.06099656357388316,0.03909737877381426,0.02335051856606953,
153,E14000651,COVENTRY SOUTH,,,,,,,,,,0.10849094246269252,0.06117817238627295,0.05933390684527467,0.01504659872833377,0.016842490674843818,0.0047650449913846284,0.009657224047597904
154,E14000652,CRAWLEY,,,,,,,,,,0.049249261161909676,0.05825340992484247,0.06396969480380245,0.04378578646008757,,,
155,E14000653,CREWE AND NANTWICH,,,,,,,,,,,,,0.023882233184558767,,,0.0027576251110453063
156,E14000654,CROYDON CENTRAL,,,,,,0.00702074491293483,,,,0.04966038817899962,0.030571303968600087,0.05515043813959189,0.10632814544868827,0.003475567140779358,0.004343942127480689,
157,E14000655,CROYDON NORTH,,,,,,,,,,0.029507448205011128,0.02733871352848479,0.06990215978288138,0.021847666228036227,0.009846418295280445,0.0028512486792009796,0.00625797982340988
158,E14000656,CROYDON SOUTH,,,,,,,,0.018757815756565235,0.004756786880025476,0.06254727947010093,0.026475810031069684,0.03550320060535411,,0.004955641807596341,0.003477153631421715,0.007446342531756461
159,S14000012,"CUMBERNAULD, KILSYTH AND KIRKINTILLOCH EAST",,,,,,,,,,,,,0.011567436208991495,,,
160,W07000070,CYNON VALLEY,,,,,,,,,,0.02525282747890611,,0.026457012046384207,,0.01749146757679181,,0.04749305463685673
161,E14000657,DAGENHAM AND RAINHAM,,,,,,,,,,,,,0.12581389039609334,,0.007067600287939271,0.009626157539727906
162,E14000658,DARLINGTON,,,,,,0.00895594642568985,0.0021481849825957236,,0.006424757940457877,0.029041164137587446,0.024236196395899648,0.031405504214481565,0.02941999254009698,0.005420383558980093,,0.0067129523196468805
163,E14000659,DARTFORD,,,,,0.021490856658961388,0.017399207946503927,0.011995099562983415,0.008558330864025378,0.008469922622514352,0.01804415918830108,0.029794367456414842,0.0562431860450202,0.05289536741214058,0.004025334808653516,0.003891265860135733,
164,E14000660,DAVENTRY,,,,,,0.007134168841995928,,,0.0071000740292078875,0.0431578947368421,0.024363135981934937,0.04548387630503483,0.022926565457565575,,,
165,W07000042,DELYN,,,,,,,,,,0.027416425310490402,,0.028084931184566522,0.02282067921263249,,,
166,E14000661,DENTON AND REDDISH,,,,,,,,,,,,,0.007891590275009965,,0.005479936362029344,0.00839639266093086
167,E14000662,DERBY NORTH,,,,,0.003995773066508157,0.011031302098751966,,0.005353594819339172,0.011623375523136617,0.03581924727926901,,0.0415810853986946,0.05399290150842946,,,0.013505753238190442
168,E14000664,DERBYSHIRE DALES,,,,,,,,,,,,,0.005942710560068405,0.0031460484364772704,0.005688809989711727,
169,E14000663,DERBY SOUTH,,,,,0.015348882222007162,0.0158777321770135,0.00642996319549686,,,0.04205021324224705,,0.03350010375118161,0.03294648926871904,0.009015188633023028,,
170,E14000665,DEVIZES,,,,,,0.013421449202561848,0.0037520443831574896,,0.024147998581134547,0.06407821973482578,0.05767244455294935,0.04123178855127703,0.015256797583081572,,0.004407724388749432,
171,E14000666,DEWSBURY,,,,,,,,,0.021864566389863883,0.10224027858386535,0.07284930834083654,0.15473506930949604,0.14329358613538734,0.006153272422151781,,0.004468956711415347
172,E14000668,DONCASTER CENTRAL,,,,,,,,,0.0035973332811980686,0.0755755064456722,0.04256386053920123,0.0707402986812611,0.11067193675889328,0.01806036615536863,0.054667162513945704,0.024338039008200862
173,E14000669,DONCASTER NORTH,,,,,,,,,,0.06944444444444445,0.11641105761566177,0.17011843688643993,0.12407492225731022,0.021974127237285132,0.03474191718661373,0.04467049977885891
174,E14000667,DON VALLEY,,,,,,0.015701806129041318,,,0.013796065630100506,0.07406387033083087,0.055773955773955775,,0.1092814371257485,0.01598173515981735,0.034769939984343745,0.018112991614763298
175,E14000670,DOVER,,,,,,0.016667756062487743,0.00766705254967453,,0.024674422642819934,0.047361623616236165,0.025400355871886122,0.03880210508729429,0.0317951771360524,,,0.020768821127788408
176,E14000671,DUDLEY NORTH,,,,,,,,,,0.09170013386880857,0.04724613629291567,0.1441991885625966,0.05367597533806538,0.0077647925879132445,,
177,E14000672,DUDLEY SOUTH,,,,,,,,,,0.030625026094943844,0.041877613911512214,0.07923413789591609,,,,
178,E14000673,DULWICH AND WEST NORWOOD,,,,,,,,,,,,,,,0.0039898117307589544,0.005647387859012514
179,S14000013,DUMFRIES AND GALLOWAY,,,,,,,,,,,,,,,0.010426558654237486,
180,S14000014,"DUMFRIESSHIRE, CLYDESDALE AND TWEEDDALE",,,,,,,,,,,,,,,,
181,S14000015,DUNDEE EAST,,,0.0037591576069544415,0.4,,0.001901559278608459,,,0.00663310909347509,0.024156138965653374,0.027157289832236538,0.023975720789074353,0.006261092486689016,0.0068278509909722946,,0.006890915917574045
182,S14000016,DUNDEE WEST,0.02417751176389518,0.02447657931256411,0.015872081616637237,0.25,0.008020546070774478,0.006312551189596277,0.006469995929472759,0.006595289079229122,0.0141181529347125,0.02161981085886567,0.04076328568497367,0.026911414338314923,0.019447287615148412,0.006798765487319408,0.010419629237014246,0.005772144592222035
183,S14000017,DUNFERMLINE AND WEST FIFE,,,,,,,,,,,,,,,,
184,W07000061,DWYFOR MEIRIONNYDD,,,,,,,,,,,,,0.04531931086971563,0.04800608722719884,,
185,E14000674,EALING CENTRAL AND ACTON,,,,,,,,,,,,,0.010275423728813559,,,
186,E14000675,EALING NORTH,,,,,,,0.005965842626530453,0.010730292154055009,0.02018447532343076,,0.03796961541028093,0.05388436149396865,0.03062208985276228,0.004411461554318697,,
187,E14000676,"EALING, SOUTHALL",,,,,,,,,,,,0.05237538526942289,0.021306951071194687,,0.008018606711706722,0.010825023094961745
188,E14000677,EASINGTON,,,,,,,,,,0.04014798902016947,0.02517418963950318,0.051012399937215507,0.06636306352752477,0.02761090573012939,0.06476185238147618,0.0418702830870659
189,N06000005,EAST ANTRIM,,,,,,,,,,0.15427839403732496,0.15486111111111112,0.15789970724336574,0.05986492689004,,,
190,E14000684,EASTBOURNE,,0.015687180216031837,,,,0.009041407270444946,,0.015469435820575956,0.011148253927041413,0.07061347712989158,0.033080187625642174,0.04509009753678294,0.04683063464047272,0.0026272515924168826,,0.003355461239888272
191,E14000678,EAST DEVON,,,,,,,,,,0.0980683223903321,0.05635804920877145,0.06975044165126809,,,0.3568613162863105,0.40803458555085603
192,S14000018,EAST DUNBARTONSHIRE,0.029587182785639106,0.024474695252098846,0.022724777692392138,,,,,,,,,0.02771594897697115,,,,0.011804416284814542
193,E14000679,EAST HAM,,,,,,,,,,0.1276041013813332,0.0329157389274888,0.22115797720437716,0.016318265737597523,0.012220309810671256,0.0077869793230095526,0.004576407703009446
194,E14000680,EAST HAMPSHIRE,,,,,,,,,,0.06742017616295073,0.02809759589572272,0.029789796571256515,0.01987645419646511,,0.0103053710655501,0.014271904385271114
195,S14000019,"EAST KILBRIDE, STRATHAVEN AND LESMAHAGOW",,,,,,,,,,,,,0.0058689592902288696,,,0.00992243108436729
196,E14000685,EASTLEIGH,,,,,,,,,,0.04431109669513821,0.031215185083976204,0.033533583813867514,0.00924510717614166,0.004450049545086029,,
197,N06000006,EAST LONDONDERRY,,,,,,,,,,0.016193375675817544,0.04075848403521533,0.028025011266336188,0.07359084406294707,,,0.04404356012416671
198,S14000020,EAST LOTHIAN,,,,,,,,0.008814102564102564,,0.011305028550377601,0.027121586070353393,0.04631247815449144,,0.002677330802860338,0.006567880024338738,0.008425478098884009
199,S14000021,EAST RENFREWSHIRE,,,,,,,,,,,,0.011138065604893999,,,,
200,E14000681,EAST SURREY,,,,,,,,,,0.062170667447306795,0.03923569045038152,0.05213895600268004,0.014732796486090776,,0.05021704981166495,0.03174736136706316
201,E14000682,EAST WORTHING AND SHOREHAM,,,,,,,,,,,,,0.008037688286464038,,0.018958148991848185,0.004799728956482457
202,E14000683,EAST YORKSHIRE,,,,,,,,,,0.02920095566764003,0.04557417924920349,0.03629195524773575,0.054220158426659386,,0.01881162428645563,0.03195057704333984
203,E14000686,EDDISBURY,,,,,,,,0.016925931706640307,0.014358080856967702,0.04127401415571284,0.019555275193187196,0.02900994000963349,,0.006356648082446359,0.003487986905434634,0.008514092616714807
204,S14000022,EDINBURGH EAST,,,0.009662400860959689,0.15,0.004864790791156587,0.006791676194831923,,,,,,0.08209725754866655,0.006873197040010034,0.002484656713882223,,
205,S14000023,EDINBURGH NORTH AND LEITH,,,,,,,,,,,,,0.018814933693724133,,,0.002325424642760852
206,S14000024,EDINBURGH SOUTH,,,,0.13,,0.012195121951219513,0.010034563496487903,0.00909880474792175,0.002422067728190177,0.01342611178018645,0.03949846634020341,0.042179961590706826,,0.003997078277807085,,
207,S14000025,EDINBURGH SOUTH WEST,,,,,,,,,,,,0.0525884442016118,0.008072676081122696,,,0.002186798641882949
208,S14000026,EDINBURGH WEST,,,,0.1,,,,,0.013100168108573538,0.011966996283932732,0.01742742793454582,0.03256379100850547,,,0.002500236764845156,
209,E14000687,EDMONTON,,,,,0.04596836794100524,0.02760896779333106,0.008333706707289753,,0.004339076845679789,0.0313350283241893,0.03295565652498993,0.049102383079272685,0.02120018822597023,0.00870869417968939,,0.0018591507399419946
210,E14000688,ELLESMERE PORT AND NESTON,,,,,,,,,,,,,0.017679108358013246,,,
211,E14000689,ELMET AND ROTHWELL,,,,,,,,,,,,,0.03678144437075409,,0.017500251923012328,0.020541004723057105
212,E14000690,ELTHAM,,,,,,,0.0067690194731937015,,0.0040313713992523635,0.05731325412176476,0.0283203125,0.06089788981730633,0.04923267562672767,,0.0159896002599935,
213,E14000691,ENFIELD NORTH,,,,,0.027810885975367503,0.015732243387059457,0.011942481111381915,0.012437714859592877,0.010755758614125262,0.04050850657660115,0.03869738799154555,0.04704409924169918,0.038400107979214004,0.008323037908836725,,
214,E14000692,"ENFIELD, SOUTHGATE",,,,,,,,,,0.03997163303462059,0.025412809010212846,0.03726605069888652,0.019412878787878788,,,
215,E14000693,EPPING FOREST,,,,,,,0.01614401618530523,0.013429173188027747,0.010139044505262384,0.05567189239157092,0.03041448578299618,0.07518947837717342,0.04866477760604499,0.0016211396611818109,0.002166249827684673,0.00698257340654094
216,E14000694,EPSOM AND EWELL,,,,,,,,,,,,,0.004840323901373851,,,0.02376747237220568
217,E14000695,EREWASH,,,,,,,0.07491351974632458,,0.010179602916574604,0.031489277072491634,0.04346036710840399,0.11117045477024114,0.05879266193694639,,0.01042566441011631,0.014299176465768018
218,E14000696,ERITH AND THAMESMEAD,,,,,,,,,,,,,0.08159902062341087,,0.007264303706369197,0.006572588439976802
219,E14000697,ESHER AND WALTON,,,,,,,,,,,,,0.023027702913297764,,0.008622706460345577,0.011492613023904636
220,E14000698,EXETER,,,,,,0.01876068985176739,0.013593452806812432,0.013292214324587298,0.03140406778586262,0.05859627570153886,0.10405580051695301,0.1117709014309581,0.03408808161234138,0.003517346069828576,0.005034011150605345,0.010054812072892938
221,S14000028,FALKIRK,,,,,,,,,,,,0.01831693989071038,,,,
222,E14000699,FAREHAM,,,,,0.05308572075642622,0.005173688100517369,,,,0.06571861164881078,0.025854291812440866,0.029335474308300396,0.011371791333149323,0.015374771480804388,,
223,E14000700,FAVERSHAM AND MID KENT,,,,,,,,,,,,,0.020123308785750985,,,0.007322300273842124
224,E14000701,FELTHAM AND HESTON,,,,,0.03700595004942831,0.017957615983288974,,,,,,,0.05449563210812593,,,
225,N06000007,FERMANAGH AND SOUTH TYRONE,0.2961481291175013,0.4601136718965549,0.5110820366649533,,0.5212992966094998,0.6422847630845463,,,0.03339500798142505,,,,0.4591158686408991,,,0.014794531342342697
226,E14000702,FILTON AND BRADLEY STOKE,,,,,,,,,,,,,0.0351752551707004,,,0.0047812174430718855
227,E14000703,FINCHLEY AND GOLDERS GREEN,,,,,,,,,,,,,,,,
228,E14000704,FOLKESTONE AND HYTHE,,,0.029008614535243445,,,,,,,,,,0.03615530303030303,,0.010309978768577494,0.015507160410134734
229,E14000705,FOREST OF DEAN,,,,,,,,,,0.0389765662362506,0.0491851054767189,0.05365239294710328,,,0.011010875654374409,0.025313258863525985
230,N06000008,FOYLE,,,,,,,,,0.018038157641164,0.0032207466276273134,0.011845577855520775,0.03683483522988884,0.07748950882841986,,0.0299575764168389,0.07135584591888681
231,E14000706,FYLDE,,,,,,,0.019463238610735227,0.008315197306286699,0.0047888114129999194,0.048687268327347454,0.02195051076290319,0.03618984838497034,,0.12388364671579769,,0.019867549668874173
232,E14000707,GAINSBOROUGH,,,,,,0.010997491800115763,,,,0.0,,0.040717147172785184,0.030699884266309315,0.010251517427579626,,0.020961485718763467
233,E14000708,GARSTON AND HALEWOOD,,,,,,,,,,,,,0.0062580268534734385,,,0.006450886996962083
234,E14000709,GATESHEAD,,,,,,,,,,,,,0.05708759181326293,,,
235,E14000710,GEDLING,,,,,,,0.0037003143277762303,,0.0029589967591940255,0.03845563990491527,,0.02614082461594318,0.0331604067233866,,,
236,E14000711,GILLINGHAM AND RAINHAM,,,,,,,,,,,,,0.03981960415508913,,0.002598837685192764,0.025784411854301754
237,S14000029,GLASGOW CENTRAL,,,,0.14,,,0.010782089923251406,0.020308352965735247,0.017835360828140967,,,0.12936476798516247,0.03600392413342054,0.008850907981077369,,
238,S14000030,GLASGOW EAST,,,,,,,,,,,,0.03542454507256214,0.03516353687352319,0.005280901525331824,0.008460985455953106,
239,S14000031,GLASGOW NORTH,,,,,,,,,,,,0.11468070627842843,0.019687299496842604,0.00850441471209577,,
240,S14000032,GLASGOW NORTH EAST,,,,,,,,,,,,0.8233865859666408,0.04488421911659696,0.011701930950682832,,
241,S14000033,GLASGOW NORTH WEST,,,,,,,,,,,,0.0798567276357124,0.02467539767298072,0.007958225019382497,,
242,S14000034,GLASGOW SOUTH,,,,,,,,,,,,0.08485337357862142,0.02464209108594802,0.006129812620443643,,
243,S14000035,GLASGOW SOUTH WEST,,,,,,,,,,,,0.07063305032766246,0.05575658412258897,0.0043009701620195006,,
244,S14000036,GLENROTHES,,,,,,,,,,,,0.049804635229888136,,,,
245,E14000712,GLOUCESTER,0.008815478123695077,,,,,0.010203291384317522,0.0131562550070321,,,0.03829816624650344,0.022686270037119215,0.0380865973013146,0.011110235600031519,0.006504992867332382,0.0038837824342068763,
246,S14000037,GORDON,,,,,,,,,,0.010865191146881288,0.015256706951229965,0.011431657590350601,0.014331112250128139,,,
247,E14000713,GOSPORT,,,,,,,0.005186476424128951,,0.00620827645529854,0.06129666011787819,0.04199653170474252,0.07164102802435283,0.058352329619293125,0.0021818944718346796,0.005173703037529557,
248,W07000046,GOWER,,,,,,,,,0.013577848466087401,0.043081964186819276,0.0274141300564881,0.05798897374943098,0.023109596601953396,0.01225501660507975,0.003269264525188696,
249,E14000714,GRANTHAM AND STAMFORD,,,,,,,,,,,,,0.0646603155362791,,0.015196225681621402,
250,E14000715,GRAVESHAM,,,,,,,0.00953996570719784,,0.010735936600399634,0.03725611702627082,0.02117372075437109,0.033289802784479516,0.03107625309177008,,0.003979835500132661,
251,E14000716,GREAT GRIMSBY,,,,,,,,,,0.0,,0.09822837034340492,0.08141651999757238,0.016690877827517714,0.011092030066721095,0.004714842687460332
252,E14000717,GREAT YARMOUTH,,,,,,,,,0.005337342604773539,0.0,0.021057325471931825,0.05191164386872251,0.03532526650718815,0.003755425127616992,,0.02793244673507892
253,E14000718,GREENWICH AND WOOLWICH,,,,,,,,,,,,,0.05499174516849568,,,0.006965361445783132
254,E14000719,GUILDFORD,,,,,,0.004203736251789306,0.007800168850713945,,0.0038586481539501674,0.05870992661259174,0.02311776263534133,0.0335844744436482,0.0050389619738333905,0.017856481309969252,0.004719955322560305,0.0825049871272442
255,E14000720,HACKNEY NORTH AND STOKE NEWINGTON,,,,,,,,,,,,,0.019887647704526376,,0.008597108245408363,0.00399198086662915
256,E14000721,HACKNEY SOUTH AND SHOREDITCH,,,,,0.0939161252215003,0.0839385043263288,,,,,,,0.03327266787997574,,0.011688405535282003,0.002038979408144896
257,E14000722,HALESOWEN AND ROWLEY REGIS,,,,,,,,,,,,,0.009845608131153505,,0.004123571959710674,0.0125870823001535
258,E14000723,HALIFAX,,,0.017391840003285353,,0.01939391381420673,0.009303561935140883,,,0.011235177010300355,0.015408655748081335,0.02577370636296113,0.0710557502710608,0.07994489725634256,0.01775878225493109,,
259,E14000724,HALTEMPRICE AND HOWDEN,,,,,,,,,,,,,0.06295012003200853,,0.018312597200622085,0.020872255368729786
260,E14000725,HALTON,,,,,,,,,0.012541321609924003,0.04122505006863341,,,0.03781024723015144,0.0061524109899384755,0.006240155095116927,
261,E14000726,HAMMERSMITH,,,,,,,0.08026867667618989,0.019246099533082792,0.0199057714958775,,,,0.011948916800134874,0.0017097581317764804,0.0008420730306973895,
262,E14000727,HAMPSTEAD AND KILBURN,,,,,,,,,,,,,0.010260876150088978,,0.0033728833872652252,
263,E14000728,HARBOROUGH,,,,,,0.018149214801934467,0.01974596685889481,,0.005220602279238556,0.035070839700416925,0.0196437417881836,0.031718208755895,0.0457002457002457,,,0.006786580366021738
264,E14000729,HARLOW,,,,,,0.01580938399864491,0.004801110256746873,,,0.04352463816615076,0.040483609622335784,0.04837288903430398,0.04193445462418524,0.006530925854782943,,
265,E14000730,HARROGATE AND KNARESBOROUGH,,,,,,,,,,,,,0.020589453080889827,,0.009851956291857596,0.021216432196989654
266,E14000731,HARROW EAST,,,,,,,,,0.024119376300091113,0.038117969147610606,,0.018023335891230348,,0.004183673469387755,,
267,E14000732,HARROW WEST,,,,,,,,,0.021009783878504672,0.038033748523978214,0.011254501800720289,0.021001277246173497,,0.0025105679891852454,,
268,E14000733,HARTLEPOOL,,,,,,,,0.03562310515398117,,0.03864842976693962,0.04974902105069512,0.06642961959589118,0.05235081847183725,0.10139275766016713,,0.03423739552111509
269,E14000734,HARWICH AND NORTH ESSEX,,,,,,,,,,,,,0.02520408163265306,,0.002757083357775562,0.012970767661605372
270,E14000735,HASTINGS AND RYE,,,,,,,,,,,,,0.0331031436945437,,0.007522915677610196,0.01041014113571876
271,E14000736,HAVANT,,,,,,,,0.006549949953465503,,0.05871031828152808,0.03951826297697653,0.06676984837126067,0.01842698676628021,,0.021246275424277757,0.007484932222198046
272,E14000737,HAYES AND HARLINGTON,0.02563951951599166,0.02096851718336938,0.011173855580920341,,0.03566928121383567,0.019725129957986184,,,,,,,0.061753875741726666,,,0.004250579624494249
273,E14000738,HAZEL GROVE,,,,,,,,0.006448967419667486,0.0037346905149845304,0.030522902310498583,0.016710847757159936,0.03377048342153028,,,,
274,E14000739,HEMEL HEMPSTEAD,,,,,,0.008333333333333333,,,,0.028842663181587163,0.021140727502560862,0.032223826101723696,0.03812334498999414,0.005077267140813572,,
275,E14000740,HEMSWORTH,,,,,,,,,,0.027706313081337818,0.02273824055412042,0.033893237660360946,0.15978558394160583,0.02400603688157336,0.02470398746299843,0.08169540164438473
276,E14000741,HENDON,,,,,,,,,,0.027939883284035495,0.016645859342488557,0.036210234470231126,,,,
277,E14000742,HENLEY,,,0.015328362260294751,,,,0.016111589308967313,,0.013647186356685185,0.06196767747317773,0.057656359091011467,0.05758858542664976,0.01905829596412556,,0.006865269094029668,
278,E14000743,HEREFORD AND SOUTH HEREFORDSHIRE,,,,,,,,,,,,,0.020379901200884645,,0.11013390381110846,
279,E14000744,HERTFORD AND STORTFORD,,,,,,,,,,,,,0.03355183559961717,,,0.016457549838586216
280,E14000745,HERTSMERE,,,,,,,0.02073694185852054,,0.006591852964566582,0.046615555732104554,0.009565112637031683,0.012167621911115287,0.029553628093928495,,,
281,E14000746,HEXHAM,,,,,,,,0.007447964001507326,,0.055439994745024195,0.017164548605380425,0.015657745766386434,0.07883540694064348,,,
282,E14000747,HEYWOOD AND MIDDLETON,,,,,,,,,,,,,0.07390785907859078,,,
283,E14000748,HIGH PEAK,,,,,,,,,,0.024845589907791368,0.0,0.022124867470843586,0.004668534080298786,,,
284,E14000749,HITCHIN AND HARPENDEN,,,,,,,,,,,,,0.006525673131409143,,0.014817209057040301,0.00626794177099081
285,E14000750,HOLBORN AND ST PANCRAS,,,,,,,,,,,,,0.01818880491866274,,0.0015763513398986389,0.003081745500651569
286,E14000751,HORNCHURCH AND UPMINSTER,,,,,,,,,,,,,0.0750515077729912,,0.005674011954679275,0.00944899396005484
287,E14000752,HORNSEY AND WOOD GREEN,,,,,,,,,,,,,0.005305039787798408,,0.011221164496813447,0.005089599869077817
288,E14000753,HORSHAM,0.012682726566280075,,,,0.01551053758593486,0.006052793124616329,0.01543390118966179,0.02214181649349194,0.033699815784087254,0.057832589871424825,0.03744337207012015,0.06095972107532801,0.014487562901810499,0.01730346947738252,0.010292480681433203,0.007542455962809526
289,E14000754,HOUGHTON AND SUNDERLAND SOUTH,,,,,,,,,,,,,0.11633044896241551,,0.011547733847637416,0.022531461153952426
290,E14000755,HOVE,,0.011407221924124088,,,,0.010090977712446863,0.015073995771670191,0.01060587589906132,0.07183213879294856,0.09390910413333056,0.06740020958369058,0.08130190195553175,0.0017061763584174713,0.01131880338606504,0.003246753246753247,0.006117997552800979
291,E14000756,HUDDERSFIELD,,,,,,,0.005593972546186397,0.012716509537382154,0.014541661553564855,0.05427122143915249,0.06921402933612186,0.08620492272467087,0.04644161484552364,0.008399624487375858,0.007961856093443445,
292,E14000757,HUNTINGDON,,,,,,,0.00808433932375594,0.0137048594232669,0.041792424613209346,0.06514755191966715,0.03373464523620363,0.04105459956503491,0.03982235654000663,,,0.035386410130691326
293,E14000758,HYNDBURN,,,,,,,0.009468872442316064,0.0060970602726227625,0.0030512611879576893,0.03971246271130262,0.025677901838244907,0.08078785267053665,0.08724690663667041,,,
294,E14000759,ILFORD NORTH,,,,,,,,,,0.015455475946775845,0.019287170055177213,0.027790697674418604,0.04255816921179123,0.0017779776015695251,0.006951134281558716,0.0040108552500299315
295,E14000760,ILFORD SOUTH,,,,,,,0.007689874187817877,,0.006280791052791333,,0.03407192154013803,0.03391656711873141,0.014572874138032077,,0.0011273566089113204,0.07276025207098379
296,S14000038,INVERCLYDE,,,,,,,,,,,,0.025098343398526235,,0.005223395431210348,,
297,S14000039,"INVERNESS, NAIRN, BADENOCH AND STRATHSPEY",,,,,,,,,,,,,0.022575712526016225,,0.01159068957027329,
298,E14000761,IPSWICH,0.005631939065324039,0.012664273245281776,0.03693687961313311,,,0.007889987829274093,0.004629629629629629,0.0033110062414370527,0.014289416207011438,0.04035976429236018,0.0294806163661153,0.049524810162854004,0.03370188108476598,,0.002366192776267673,
299,E14000762,ISLE OF WIGHT,,,0.02768875564285468,,,,0.0027605611371388375,,0.004395162809388068,0.10075315408903894,0.09744494502378627,0.043430127313256434,0.051747694409655015,0.04549075391180654,0.021375152727614494,0.043134252169474224
300,E14000763,ISLINGTON NORTH,,,,,,,0.11906178984958338,0.028860875778299478,0.03751453027581105,0.042275515895147796,0.08363118877415938,0.07093414618657522,,0.0022748507129219647,0.006972764346053015,0.004386209460087352
301,E14000764,ISLINGTON SOUTH AND FINSBURY,,,,,0.021632584079770152,0.056582702568556895,,,,,,,0.010331764435770864,,,0.003806257319725615
302,W07000077,ISLWYN,,,,,,,,,0.013141772577661389,0.033210636193824854,0.05301189612192736,,0.10713873832314612,0.010282195418208526,,
303,E14000765,JARROW,,,,,,0.06079231804054368,,,,0.09139320012744072,0.042460628208474724,0.057890399670374945,0.06984839108910891,0.009983404211181412,,0.0937009033778476
304,E14000766,KEIGHLEY,,,,,0.02417664321982578,0.010086258043904887,0.006013660168462136,,,0.028554778554778556,0.019384764498188448,0.09155294524097427,0.043969638513796865,,0.010326023900684534,0.015190114068441065
305,E14000767,KENILWORTH AND SOUTHAM,,,,,,,,,,,,,0.007474551423674919,,,0.008688708481472327
306,E14000768,KENSINGTON,,,,,,0.031137370753323484,0.023667686362904523,0.01997371036516944,0.018654057905304746,,,,0.005604551920341394,0.014557252785115424,0.01396178607441115,0.0033133769023353595
307,E14000769,KETTERING,,,,,,,,,,0.030689818635110697,0.016371483851763655,0.022697049203896057,0.051343813387423935,0.0031979329916557247,,0.0332651283401876
308,S14000040,KILMARNOCK AND LOUDOUN,,,,,,,,,,,,,,,,0.008502865780689046
309,E14000770,KINGSTON AND SURBITON,,,,,,,,,,,,,0.008282117280383814,,0.004310206182250957,0.012737073924333563
310,E14000771,KINGSTON UPON HULL EAST,,,,,,,,,,0.051845082250654546,0.06633198380566802,0.11287834972045499,0.046659255792183475,,,
311,E14000772,KINGSTON UPON HULL NORTH,,,,,,,,,,0.045058514203227304,0.060210246917891945,0.08061790156841536,0.049352677900934186,,,
312,E14000773,KINGSTON UPON HULL WEST AND HESSLE,,,,,,,,,,,,,0.07751150611014125,,0.05684941414725879,
313,E14000774,KINGSWOOD,,,,,,0.004969853408587444,,,,0.03516622973266318,0.020597615612423115,0.03752375202003161,0.03431720452552916,0.006171428571428572,,0.009916048181043923
314,S14000041,KIRKCALDY AND COWDENBEATH,,,,,,,,,,,,,0.008864241736168727,,,
315,E14000775,KNOWSLEY,,,,,,,,,,,,,0.04243360652066819,,,0.007371946557938039
316,N06000009,LAGAN VALLEY,,,,,,,,,0.011888226162268159,0.03529677273753103,0.1659519818898152,0.1013811895142347,0.08631636562671045,0.06641537881643422,0.004941459288607933,0.006937561942517344
317,S14000042,LANARK AND HAMILTON EAST,,,,,,,,,,,,,0.014391888989130902,,,
318,E14000776,LANCASTER AND FLEETWOOD,,,,,,,,,,,,,0.026954872251235332,,,
319,E14000777,LEEDS CENTRAL,,,,,,,0.016527019755553846,0.009282744554559004,,0.05409494987705693,0.05588515344612906,0.0731515109984239,0.09707439696207948,0.007325519445924348,0.0032932687265328385,0.005701647593539486
320,E14000778,LEEDS EAST,,,,,,,0.011265534579261929,,,0.03539897183728207,0.041128893477886765,0.016623998404096153,0.08928146404675641,,0.010183151950966434,
321,E14000779,LEEDS NORTH EAST,,,,,,,0.005446221277149738,0.008545428401224298,,0.031070777208903732,0.036632891660171474,0.025031953119347916,0.028484274744924792,0.009339214346358534,0.009169984339327157,0.003485148514851485
322,E14000780,LEEDS NORTH WEST,,,,,,,0.02289226200296981,0.012840873876665633,0.018711553296279448,0.04340165262475697,0.0157357894984806,0.0414663058307799,0.023917393004162547,0.005673824295961437,,
323,E14000781,LEEDS WEST,,,,,,,0.00716476821760302,,0.09808276584599267,0.06790154152163103,0.11818408425250826,0.1279397372401317,0.061338769611891,0.010983004970980923,0.010064173908925146,0.01804821131550855
324,E14000782,LEICESTER EAST,,,,,0.06422077922077922,0.02724232887490165,0.0291086124012059,,0.015301403466441469,0.03497590198639701,0.056811195002582325,0.05084007166029148,0.045713095114074384,0.01366813680619123,0.04209903860827102,0.006657089091681674
325,E14000783,LEICESTER SOUTH,,,,,0.04419535628502802,0.017771391840284343,0.01759828529527892,0.012026394210302256,0.0132566891980452,0.04416593922766762,0.05275398087282565,0.12268043667916342,0.030090824208471267,0.007596534761220669,,
326,E14000784,LEICESTER WEST,,,,,0.050926763110307416,0.026932421858913643,0.01385845043186799,,0.01425611272275176,0.06899838686024344,0.05253017851229718,0.06389959065735613,0.07585359725285463,0.008342506227912636,0.0032256344636383025,
327,E14000785,LEIGH,,,0.0825987093951657,,,,,,0.006087816756715623,0.04244337979094077,0.0444784407048558,0.0713659285244464,0.09404042226833889,0.01201161270305609,,0.02126482045169118
328,E14000786,LEWES,,,,,,0.013130080602196366,0.024379529980232812,0.01721231479016946,0.013328262199659352,0.05566515487400598,0.01430678141439042,0.04521825055851521,0.013456316882287175,,,0.0020601265245847843
329,E14000789,"LEWISHAM, DEPTFORD",,,,,,,,,,,,0.15223900240186886,0.027462396894711305,,0.009761939323559298,0.0036302557433896838
330,E14000787,LEWISHAM EAST,,,,,,0.027235169066623884,0.017958723144186922,,0.004544400649200093,0.04584580838323353,0.06082967690466693,0.08240434349600026,0.018169179510534768,0.015655942035738415,0.012351433232346772,0.011647885752538212
331,E14000788,LEWISHAM WEST AND PENGE,,,,,,,,,,,,,0.007040063960202541,,0.0070494022106925335,0.0040882917466410745
332,E14000790,LEYTON AND WANSTEAD,,,,,,,,,,,,,0.024477701137976544,,,0.009585381731654208
333,E14000791,LICHFIELD,,,,,,,,,,0.033996666186487765,0.016410748560460653,0.033650329188002925,,0.0023315911166378457,,0.010519882206952753
334,E14000792,LINCOLN,,,0.1000076205959306,,0.3460073167654851,0.04532304725168756,0.00962175288836559,0.003982012289313789,0.009655106158132386,0.03231073300678869,0.022518518518518518,0.035488509645386225,0.04796483016556943,0.013446597797319219,0.008949464263721828,0.018033143060301408
335,S14000043,LINLITHGOW AND EAST FALKIRK,,,,,,,,,,,,,,,,0.01017741237559498
336,E14000793,"LIVERPOOL, RIVERSIDE",,,,,,,,,,0.06773305362527862,0.035642865545229975,0.08528101054791447,0.018195407334862503,,,
337,E14000794,"LIVERPOOL, WALTON",,,,,,,,,,0.0413360857562116,0.015531660692951015,0.05685642678123881,0.046483180428134555,,0.029314880204753892,0.01618202324326975
338,E14000795,"LIVERPOOL, WAVERTREE",,,,,,,,,,0.03247092643407814,0.032858298587342086,0.03215717494526741,0.013161365194914808,,0.004949587534372136,0.011549899716439587
339,E14000796,"LIVERPOOL, WEST DERBY",,,,,,,,,,0.11134568399079631,0.14886595269680009,0.15894170168067226,0.11013302034428794,,0.05435865642229259,0.0415103775943986
340,S14000044,LIVINGSTON,,,,,,,,,,0.015338282672643228,0.040768184719562624,0.01779552067122268,0.028200471747343813,,,
341,W07000045,LLANELLI,0.021474689821280386,0.025678541136556404,0.012060241204824096,,,0.012061853654722109,0.007707489352861743,,,0.018368882094586397,0.025471020498370075,,,0.013739824752423913,,
342,E14000797,LOUGHBOROUGH,,,,,0.024302218030794902,0.01737352268701897,0.014907171459774299,0.011238842536277818,0.01772211720226843,0.01892485438747255,0.021082839969268314,0.0364542696142176,0.038608577160377,,,0.004301587011037689
343,E14000798,LOUTH AND HORNCASTLE,,,,,,,,,,,,,0.06519586485523032,,0.009399101779386406,0.019949552854849804
344,E14000799,LUDLOW,,,,,,0.011614108617163632,,,,0.02555903640488279,0.0400936833317874,0.035131070047271167,0.024521874743495035,,,
345,E14000800,LUTON NORTH,,,,,,,,,0.014693034707330632,0.019838587002450773,0.023871594336247,0.03588773580082818,0.03059184527407132,,,0.018666791894620678
346,E14000801,LUTON SOUTH,,,,,,,,,0.012828503168172847,0.04227544413083181,0.044573200172803744,0.06603628141220001,0.09918040553344704,0.0250615880234982,0.0034682331519736414,0.11054583491821986
347,E14000802,MACCLESFIELD,,,,,,,0.008903809662822946,,0.004254305897293436,0.0,,0.018587930996690122,0.05173894804131125,,0.021396873331246433,
348,E14000803,MAIDENHEAD,,,,,,,,,,0.05849987227102124,0.02338519783923542,0.028636859323882224,0.020383469843633657,0.00402933803732244,0.016174728274867357,
349,E14000804,MAIDSTONE AND THE WEALD,,,,,,,,,,,,,0.015819162851536953,,0.003325792292669722,0.006927244582043344
350,E14000805,MAKERFIELD,,,,,,,,,0.03138972198200519,0.02688052605855956,0.024615561165939867,0.13917931422147273,0.17772040848963927,,0.05674045980440202,
351,E14000806,MALDON,,,,,,,,,,,,,0.03056686501722518,0.05286710375689458,0.005119317955459942,
352,E14000807,MANCHESTER CENTRAL,,,,,,,0.017396076934090583,,0.010398505603985055,0.04916957390344992,0.06626041345263807,0.0871377802077638,0.050642422420918175,0.015177251770311708,0.0038616251005631538,0.0020463194935837364
353,E14000808,"MANCHESTER, GORTON",,,,,,,,,,0.05496956845033186,0.05986264644313049,0.03856058785152629,0.03480756686236138,,0.06367375361782691,
354,E14000809,"MANCHESTER, WITHINGTON",,,,,,,,,,0.05455743066754491,0.0783737517831669,0.06572694751454963,0.004530212520263819,,0.00436550874967352,
355,E14000810,MANSFIELD,,0.01313767841635307,0.013590426107468242,,0.008879199286492915,0.004661123708742756,,0.030182623977993428,,0.03348374309450512,,0.19659839063643014,0.1332162413472466,0.006865424957091094,0.021512450904160936,0.019990664258315912
356,E14000811,MEON VALLEY,,,,,,,,,,,,,0.01895077871891955,,,
357,E14000812,MERIDEN,,,,,,0.013546329233556042,0.008668777325493744,,,0.040352352059651306,0.02042236136358536,0.03369675074726362,0.06075303861048273,0.0019010322605174609,,
358,W07000071,MERTHYR TYDFIL AND RHYMNEY,,,,,,,,,,,,,0.10016835016835017,,,0.05768157290826769
359,E14000813,MID BEDFORDSHIRE,,,,,,,,,,0.04629065427679183,0.0274668725073974,0.07405791352637842,0.012969743337522998,,0.010564161044062213,0.020829148446312406
360,E14000814,MID DERBYSHIRE,,,,,,,,,,,,,0.04049258586456001,,,
361,E14000819,MIDDLESBROUGH,,,,,,,0.004946354751606968,,,0.02887389634900319,0.028739211673636446,0.07218419415059116,0.11726199372291138,,0.017734377192244015,0.13338416869519312
362,E14000820,MIDDLESBROUGH SOUTH AND EAST CLEVELAND,,,,,,,,,,,,,0.05180248409572857,,,
363,E14000815,MID DORSET AND NORTH POOLE,,,,,,,,,,,,,,,,
364,S14000045,MIDLOTHIAN,,,,0.27,,,,0.008814908320674383,,0.00907827172402054,0.03530149004316947,0.019255251432208784,0.009224810152387748,,,
365,E14000816,MID NORFOLK,,,,,,,,,,0.08176549419565936,0.04664306919387988,0.03979245076186648,0.024839948783610757,,,0.016712348271811485
366,E14000817,MID SUSSEX,,,,,,,,,,0.07268578269083291,0.03768931954083191,0.03180183456580596,0.015074747113060604,,0.007528556593977154,0.009512125171281987
367,N06000010,MID ULSTER,,,,,,,,,,0.005901044030866999,0.01019304710028837,0.007594769515255581,0.07333137456539836,,,0.015463917525773196
368,E14000818,MID WORCESTERSHIRE,,,,,,,,,,0.050945512505165394,0.02739603982448716,0.04346832339435244,,,,0.011367888388004918
369,E14000821,MILTON KEYNES NORTH,,,,,,,,,,,,,0.029913895486935866,0.004766692089024475,0.002643764470308491,
370,E14000822,MILTON KEYNES SOUTH,,,,,,,,,,,,,0.033090560786510764,0.0062935758028126,,0.011654975237083445
371,E14000823,MITCHAM AND MORDEN,,,,,0.009793159854501625,0.0201493471277794,,,,,,,0.03605269767335662,,0.0046344403341784775,0.004722240440742441
372,E14000824,MOLE VALLEY,,,,,,,,,0.00805378910734134,0.07945125082532463,0.03840924541128484,0.04010927855914196,,,,0.01751006828926633
373,W07000054,MONMOUTH,,,,,,,,,,0.024273329933707292,0.014754172102019703,0.011894070488248308,,0.0021069487168682314,,0.008662405161598661
374,W07000063,MONTGOMERYSHIRE,,,,,,,,,,0.03812059514487079,0.040264982921022666,0.029903312622520516,0.020938692218969036,,,0.02124861167942947
375,S14000046,MORAY,,,,,,,,,,0.02112357290147362,0.05761069138849592,0.017992936870053877,,,0.004285264152925113,0.00845878136200717
376,E14000825,MORECAMBE AND LUNESDALE,,,,,,,,,,,,,,,,0.012094460384021188
377,E14000826,MORLEY AND OUTWOOD,,,,,,,,,,,,,0.07235549369575897,,,0.018428653957250143
378,S14000047,MOTHERWELL AND WISHAW,,,,,0.024370765386299818,0.01890359168241966,,,,,,,0.015566290928609769,,,0.013935164340387213
379,S14000027,NA H-EILEANAN AN IAR,,,,,,,,,,,,0.08275513154090777,0.09594346673914521,0.06556657046053457,0.07477392360642462,
380,W07000069,NEATH,0.058004755300178325,0.041710327906560686,0.014571903155987316,,,,0.003547608911593586,,,0.03382392163518658,0.019560251284980013,0.044922802021386495,0.0361510694466893,,,0.017983458482968766
381,E14000829,NEWARK,,,,,,,0.009463657918404055,,,0.03915645263704758,0.028440427935410992,0.021708683473389355,,0.012179266567244083,,
382,E14000830,NEWBURY,,,,,,,,,,0.037396416176783055,0.013482394158285275,0.02472884239021089,0.0043182167301029206,0.006387434554973822,0.004995973639665401,0.005416847228240942
383,E14000834,NEWCASTLE-UNDER-LYME,,,,,,,,,,0.08123511571576869,0.03534674458292393,0.10711772393686539,,0.00658185454799172,,
384,E14000831,NEWCASTLE UPON TYNE CENTRAL,,,,,,,0.010742780087650297,0.011454679312286171,,0.024149453219927095,0.02073415543447089,0.04819042316258352,0.06739467751851744,,,
385,E14000832,NEWCASTLE UPON TYNE EAST,,,,,,,,0.008630555025748617,,,,,0.040142706131078225,0.007444801386976696,,
386,E14000833,NEWCASTLE UPON TYNE NORTH,,,,,,,,,,0.03831612461031639,,0.025933825824576005,0.04300732717425932,0.007529348867256243,0.007310304837640821,
387,E14000827,NEW FOREST EAST,,,,,,,,,,,0.025179003271847883,0.05181828230352603,,,,0.013291064466585279
388,E14000828,NEW FOREST WEST,,,,,,,,,,0.07421105527638192,0.037357951323519406,0.0814900036902772,,,0.0097326052350535,
389,W07000055,NEWPORT EAST,,,,,,,,,,0.0863707123302378,0.03206316731666773,0.03786331500392773,0.03747677659080353,0.011336447533325737,0.005105920695274308,
390,W07000056,NEWPORT WEST,,,,,,,,,,0.03785881299437839,0.022359752445597923,0.04119556699876861,0.029783484390735145,,,
391,N06000011,NEWRY AND ARMAGH,,,,,,,,,,,,,0.014608292878457222,,,0.03206049744973316
392,E14000835,NEWTON ABBOT,,,,,,,,,,,,,0.0016983203197812895,0.0045800261123660705,,0.015982951518380393
393,E14000836,"NORMANTON, PONTEFRACT AND CASTLEFORD",,,,,,,,,,,,,0.10915028439196349,,0.029090687320851374,0.03651132431256346
394,E14000861,NORTHAMPTON NORTH,,,,,,0.009672483987241657,,0.012129301839707504,0.004273346841038865,0.012089442531625982,0.02434086855930978,0.04473458904109589,0.04484616721710412,,,
395,E14000862,NORTHAMPTON SOUTH,,,,,,0.010571153996000103,,0.011309014000804042,,0.054373522458628844,0.03517607634874287,0.05390870211633413,0.08489404279337062,0.004140520522579982,,
396,N06000012,NORTH ANTRIM,,,,,,,,,,0.015069501580565539,0.02556027388910336,0.02954753298785002,0.1820883553081586,,0.06772595955427156,0.005584436221652176
397,S14000048,NORTH AYRSHIRE AND ARRAN,,,,,,,,,,,,,0.009736317113366293,,,
398,E14000837,NORTH CORNWALL,0.007402854987848144,,,,0.003549926842723849,0.014047372972516927,,,,0.07896401401829216,0.04434729451864476,0.08463434675431389,0.011314149090598583,,0.006340295226130653,0.011068539804171988
399,E14000838,NORTH DEVON,,,0.004083061129258049,,,,,,,0.0,0.07461322938238518,0.0879260543038706,0.028136630229340816,,,0.01043522066893363
400,E14000839,NORTH DORSET,,,,,,,,,,0.06398919885142716,0.034629137826477904,0.05746473539714096,0.004026523337212094,,,
401,N06000013,NORTH DOWN,,,,,,,,,,0.08794725899989057,0.3751915889106994,0.08244038401982037,0.6814312595203249,,0.41304070435115475,
402,E14000840,NORTH DURHAM,,,,,,,,,,0.04151119402985075,,,0.041155076036810116,,,0.02277521033297784
403,E14000841,NORTH EAST BEDFORDSHIRE,,,,,,,,,,0.08871159799952369,0.02744994032621668,0.04011715988284012,0.02277145737327189,,,0.03883539942785075
404,E14000842,NORTH EAST CAMBRIDGESHIRE,,,,,,,,,,0.06758682904826342,0.029697612952904205,0.053521237494349116,0.051859250153657034,,0.005498836423691915,
405,E14000843,NORTH EAST DERBYSHIRE,,,,,,,,,,0.0,,0.042708477229819956,,,,
406,S14000049,NORTH EAST FIFE,,,,,,,,,,0.011592055259446928,0.02968984203851032,0.052391326901130825,,,0.0053560327100569075,
407,E14000844,NORTH EAST HAMPSHIRE,,,,,,,,,,0.10314805032184853,0.03872846838236967,0.029437266056209953,,,0.006368542523469902,0.023738822338451156
408,E14000845,NORTH EAST HERTFORDSHIRE,,,,,,,,,,0.0416578517165112,0.022690110874678017,0.03295056360028708,0.007694595934556272,,,
409,E14000846,NORTH EAST SOMERSET,,,,,,,,,,,,,,,0.01088022500601373,0.00838246785536691
410,E14000847,NORTH HEREFORDSHIRE,,,,,,,,,,,,,0.012319206189034645,,0.018733682763018913,
411,E14000848,NORTH NORFOLK,,,,,,0.007092106795739559,,,,0.04179348103310493,0.022358591248665956,0.018553379123208685,0.0019129699361672137,,,
412,E14000849,NORTH SHROPSHIRE,,,,,,,,,,0.03424045964517256,0.03340498710232158,0.0480111803913137,0.03213865700129172,,,0.020190044768460355
413,E14000850,NORTH SOMERSET,,,,,0.005402613357158812,0.01578410764408977,,,,,,,,,0.06337710100977514,
414,E14000851,NORTH SWINDON,,,,,,,,,,0.0344520406049306,0.0189000189000189,0.031213100144814526,0.03065911124366239,,,
415,E14000852,NORTH THANET,,,,,,,,,,0.06072924113982229,0.04335053023789051,0.038621604317204794,,,0.0026487325400931195,
416,E14000853,NORTH TYNESIDE,,,,,,,,,,0.03062875379535028,0.035602764952360616,,0.052989979528068096,,,
417,E14000854,NORTH WARWICKSHIRE,,,,,,,,,,0.030015302642010362,0.021392060167983968,0.06727880866656724,0.05325293557600762,,,
418,E14000855,NORTH WEST CAMBRIDGESHIRE,,,,,,,,,,0.045229218730796016,0.029802529802529804,0.05469322903935468,0.02414083008767565,,,
419,E14000856,NORTH WEST DURHAM,,,,,,,,,,0.05121008657354433,0.016851068169071535,0.09782581184034017,0.09868766404199475,,,0.0341984348446384
420,E14000857,NORTH WEST HAMPSHIRE,,,,,,,,,,,0.03213999300857478,0.03754998537013557,,,,
421,E14000858,NORTH WEST LEICESTERSHIRE,,,,,,,,,,0.040134550696780395,0.03672598813570619,0.0644251166737378,0.06536803202956576,,,0.009420114825068281
422,E14000859,NORTH WEST NORFOLK,,,,,,,,,,0.05074917096376547,0.013749194383141613,0.03674307488795435,0.038472803347280336,,,
423,E14000860,NORTH WILTSHIRE,,,,,,,,,,0.042180200989433404,0.020586235551862203,0.035782451258450615,0.004271134930902072,,0.007001079953822664,
424,E14000863,NORWICH NORTH,,,,,,,0.004056795131845842,,0.010153656088332947,0.052382076756815665,0.03242425571096593,0.057023791805753406,0.023676978366570362,0.0030280785465222975,0.007408214402440353,0.01054337258291023
425,E14000864,NORWICH SOUTH,,,,,,,0.014380259825149113,,0.017692382717253485,0.060018503572764316,0.07123403456048084,0.10590187248163072,0.016803011503438412,0.003218950539586901,,
426,E14000865,NOTTINGHAM EAST,,,,,0.022799083080354377,0.022171353826030086,0.032573812580231065,0.004513807567015138,0.032510763414890266,0.041389895330112725,0.03757021290908479,0.08740154863580472,0.0037750664411693646,0.006759635320514641,0.004958425509192158,0.03617138286171383
427,E14000866,NOTTINGHAM NORTH,,,,,,,0.02493576513205004,0.01738803608165849,0.0052579060485109,0.060264244825004226,0.010685040942680248,0.055294078925715036,0.05670118127460989,0.004527063350592763,,
428,E14000867,NOTTINGHAM SOUTH,,,,,,,,,0.004867485934261178,0.04058120362737016,0.017265400901516185,0.03883467278989667,0.027948711662458017,0.005291613942252387,,
429,E14000868,NUNEATON,,,,,,0.026318715354437014,0.009874801622288838,0.013102744469147502,,0.0403827107431839,0.020156076837827854,0.0394434628975265,0.06264838955337544,0.006513803580406129,,
430,S14000050,OCHIL AND SOUTH PERTHSHIRE,,,,,,,,,,,,,,,,0.00660751042153149
431,W07000074,OGMORE,,,,,,,0.029387197205558508,0.0158911989080894,,0.0,,,0.035844155844155845,0.004680851063829788,,
432,E14000869,OLD BEXLEY AND SIDCUP,,,,,,,,,,,,,0.0703420381605557,,0.0084717538820199,0.00489760537436342
433,E14000870,OLDHAM EAST AND SADDLEWORTH,,,,,,,,,,,,,0.061949685534591195,,,0.02829044276925743
434,E14000871,OLDHAM WEST AND ROYTON,,,,,,,,,,,,,0.08566767653227686,,,0.020749876220911914
435,S14000051,ORKNEY AND SHETLAND,,,,,,,,,,,,,,,0.010525411350259913,0.007253886010362694
436,E14000872,ORPINGTON,,,,,,0.01193502442893973,0.004816200353934724,,0.011239000792359982,0.05862504570991656,0.019563167818981774,0.024317608798918405,0.029441229989163993,,,
437,E14000873,OXFORD EAST,,,,,,,,0.010210528461083824,0.02299534567402716,0.06462393215949203,0.08492270628387874,0.11847331897583153,0.0036591740721380033,0.00913413166564738,0.004731334421849488,0.010109605137867461
438,E14000874,OXFORD WEST AND ABINGDON,,,,,,,,,,,,,0.0025318696883852693,,,
439,S14000052,PAISLEY AND RENFREWSHIRE NORTH,,,,,,,,,,,,,0.017914750497631957,,,
440,S14000053,PAISLEY AND RENFREWSHIRE SOUTH,,,,,,,,,,,,,0.028426421321066053,,0.02100115074798619,
441,E14000875,PENDLE,,,,,,,,,0.00495105421686747,0.04849580099925587,0.07726769354676331,0.07984051346883206,0.06737706737706738,,0.016007490970704953,0.006027890238416554
442,E14000876,PENISTONE AND STOCKSBRIDGE,,,,,,,,,,,,,0.05802304583369163,,,
443,E14000877,PENRITH AND THE BORDER,,,,,,,,,,,,,0.024242020981657685,,0.008865935011835593,0.022373703579792573
444,S14000054,PERTH AND NORTH PERTHSHIRE,,,,,,,,,,,,,0.011063230297505593,,,
445,E14000878,PETERBOROUGH,,,,,,0.01369019338717908,0.011500802983992125,0.008167349969332086,0.03575334143377886,0.03820182955789126,0.023987742389229377,0.056790602854091835,0.026175796291762192,0.02453531598513011,,0.010962113763310391
446,E14000879,"PLYMOUTH, MOOR VIEW",,,,,,,,,,,,,0.03963781727110726,,,
447,E14000880,"PLYMOUTH, SUTTON AND DEVONPORT",,,,,,,,,,,,,0.008110447897206908,,0.0046281830963911886,
448,W07000075,PONTYPRIDD,,,,,,0.004487595126778828,0.010138873207632381,,,0.03308254279795006,0.021378788274295856,0.03143765453903214,0.02238826320525756,0.011351037432025764,,0.058320532514080904
449,E14000881,POOLE,,,,,,,0.00339998847461534,,0.03057525360129742,0.054603717154454175,0.024673106823337496,0.048947251499518674,0.028775613458133065,0.03840229569767687,0.011053159478435305,0.01680838833719847
450,E14000882,POPLAR AND LIMEHOUSE,,,,,,,,,,,,,0.1959100642398287,,0.027425442921753324,0.006136170768326914
451,E14000883,PORTSMOUTH NORTH,,,,,0.009925791991562134,0.007752653437932626,,,,0.046984758117958915,0.02313785059404329,0.03573985205610202,0.027063783489732082,0.00667547918043622,0.002753653886888371,0.013570028316270966
452,E14000884,PORTSMOUTH SOUTH,,,,,,,0.020021515658618216,0.008369355283730342,0.008201151889060782,0.04050681884128059,0.024683802529579763,0.022985089413979292,0.033685537029856535,0.025057871751425913,,0.005060622034791776
453,W07000065,PRESELI PEMBROKESHIRE,,,,,,,,,,0.046576893144352996,0.020964189575006117,0.03283489258040272,,0.09251405464049708,0.029385975306301396,
454,E14000885,PRESTON,,,,,,,,,0.00740837298225032,0.026396804925739484,0.0688937598845759,0.0987940494703794,0.011690509152438086,,,
455,E14000886,PUDSEY,,,,,,0.006237387635296276,0.007230266230733302,,,0.015607517399632094,0.020896513558384063,0.026720351390922402,0.03155878817513192,,0.02648307047943809,0.015567647330074702
456,E14000887,PUTNEY,,,,,,,0.01296185935637664,0.010599011037159132,0.015691395642891195,0.04691442209341971,0.015531032872073334,0.03775906381582545,0.011254137550570063,0.004297760026160278,0.0012368320040943405,
457,E14000888,RAYLEIGH AND WICKFORD,,,,,,,,,,,,,0.08365970616892421,,,
458,E14000889,READING EAST,,,,,,,0.016392752677763515,0.014950166112956811,,0.03556352050975707,0.04735816618911175,0.06043905993805793,0.0033610083024907473,,0.005974148231290054,0.0036124324904324187
459,E14000890,READING WEST,,,,,,,0.0033627135636409206,0.010658381184614174,,0.032052739258922484,0.020197208593340638,0.053250362206968625,0.01792552072375342,0.006259813238575325,,
460,E14000891,REDCAR,,,,,,0.007018653177363263,,,,0.0,0.02021048222420022,0.10516970741874887,0.0381764888115721,0.009506586182458027,,0.03239312472454826
461,E14000892,REDDITCH,,,,,,,,,,0.03079467238759274,0.05157701447396846,0.03427564468491723,0.04368667363351356,0.003809696584879133,0.0517222308253877,
462,E14000893,REIGATE,,,,,0.004856318691349911,,0.02029585798816568,0.0196691141230374,0.009089459416361027,0.0841532777016648,0.03594771241830065,0.06874779955404295,0.02691184121013246,,,0.012171720972232673
463,W07000052,RHONDDA,,,,,0.028017241379310345,0.03596425323263079,0.02830544722606617,0.018285497853716016,0.005333739713501981,0.0273972602739726,0.014910887594847362,,0.08364443872296601,,,
464,E14000894,RIBBLE VALLEY,,,,,,,,,0.004737380443949971,0.025235490466786668,,0.027026483944861953,0.004437049362174155,0.035258312118369925,,0.009966717314231965
465,E14000896,RICHMOND PARK,,,,,,,,,,0.03246970256626739,0.03430245569774776,0.045061704364075215,0.0036613349530944185,,,0.004733582307467687
466,E14000895,RICHMOND (YORKS),,,,,,,,,0.008770175249642269,,,0.03497787610619469,,0.09553880627419026,0.036938943749671126,0.035318787584700966
467,E14000897,ROCHDALE,,,,,0.040914688521805596,0.014014705284965675,0.014068168396186619,,0.015629114162121496,0.0181772804791814,0.024890896173754187,0.0840924674306984,0.06739712897815148,0.047523662777900065,0.02248021740868036,
468,E14000898,ROCHESTER AND STROOD,,,,,,,,,,,,,0.045485814346167476,,0.005430638471981997,0.032103377883911724
469,E14000899,ROCHFORD AND SOUTHEND EAST,,,,,,,,,,,,,0.05925872546900147,,0.06188621740602777,0.03194902028784463
470,E14000900,ROMFORD,0.01419494862863844,,,,0.005058168942842691,0.019406446726937095,0.011107111636756312,0.00948299219192591,,0.07248510173555878,0.026525867622755665,0.051669316375198726,0.07108280802908716,,,
471,E14000901,ROMSEY AND SOUTHAMPTON NORTH,,,,,,,,,,,,,,,0.005406160229811682,0.012453784783031718
472,E14000902,ROSSENDALE AND DARWEN,,,,,,,,,,,,,0.04415634017993549,,,
473,S14000055,"ROSS, SKYE AND LOCHABER",,,,,,,,,,,,,0.008008496469372524,,0.01757944557133198,0.018259800847776467
474,E14000904,ROTHERHAM,,,,,,0.011161476959522562,,,,0.039734395750332004,0.06118416570143762,0.1338648342117553,0.16722657708100036,0.0211511514158052,0.03776072568098515,0.030433928922049873
475,E14000903,ROTHER VALLEY,,,,,,,,0.00288965503497479,,0.041857139762116254,0.037496943183979566,0.0938093429548044,0.07712049274990376,0.008018035262340757,,0.021356113187399894
476,E14000905,RUGBY,0.0071396697902722,0.009109265293010876,0.0053607986323631835,,0.0028805719091673674,0.010678087633960583,,,,,,,0.028966882952726047,0.0045912745378116964,,
477,E14000906,"RUISLIP, NORTHWOOD AND PINNER",,,,,,,,,,,,,0.021850413305447666,,,0.016709511568123392
478,E14000907,RUNNYMEDE AND WEYBRIDGE,,,,,,,,,,,,,0.011235721703011422,,,0.03608624669256319
479,E14000908,RUSHCLIFFE,,,,,,,0.009575923392612859,0.0170242737626909,0.02425544010359094,0.05151983513652756,0.04903941520038203,0.06524480119337252,,,,0.016825055780514006
480,S14000056,RUTHERGLEN AND HAMILTON WEST,,,,,,,,,,,,,,,0.007292813335430099,0.011692753838718073
481,E14000909,RUTLAND AND MELTON,,,,,,,,,,,,,0.04246649764578051,,,0.02358086091579489
482,E14000910,SAFFRON WALDEN,,,,,,,0.014935162281688029,0.017867953574455572,0.004172484072344455,0.0632077125328659,0.03535171862509992,0.0518106374952848,0.019312475859405175,0.028803224293382904,,
483,E14000911,SALFORD AND ECCLES,,,,,,,,,,,,,0.10514530614210386,,,
484,E14000912,SALISBURY,,,,,,,0.004964341946837084,0.006457436467157339,0.017344280673986877,0.07295798348185924,0.058038514913598085,0.07519973491403115,0.023534993090076523,0.014377280347105809,0.007784509763463451,0.013865624418388237
485,E14000913,SCARBOROUGH AND WHITBY,,0.008752065609890447,,,,0.010937675463222909,,,,,,,0.03824925936447385,,0.02241868025134294,0.03559649263936932
486,E14000914,SCUNTHORPE,,,,,,,,,,0.048972915764660604,0.019301115241635688,0.041666666666666664,0.0390722039207215,0.03527246149265044,,
487,E14000915,SEDGEFIELD,,,,,,,0.0066219279143149195,,,0.04578062653875541,0.05283421928560783,0.148181182653135,0.07766893739744418,,,0.0094789010248761
488,E14000916,SEFTON CENTRAL,,,,,,,,,,,,,,,,0.008294025157232704
489,E14000917,SELBY AND AINSTY,,,,,,,,,,,,,0.03970770182493041,,,0.033677195221383245
490,E14000918,SEVENOAKS,,,,,,0.012840162652486706,0.007909797881847393,,0.017231237673436907,0.05926339508265369,0.0340263763082555,0.052958566215529586,0.049546632124352334,,,0.019428526571944424
491,E14000921,"SHEFFIELD, BRIGHTSIDE AND HILLSBOROUGH",,,,,,,,,,,,,0.09461890322249061,,0.004394554573680439,0.014772727272727272
492,E14000919,SHEFFIELD CENTRAL,,,,,,,0.0125868688341352,0.012592611985234443,0.03180062756456674,0.07210521980285016,0.07881871695101267,0.13493413373353344,0.022740426352850392,0.008489348697167953,0.00680911502391545,0.009309999410759532
493,E14000922,"SHEFFIELD, HALLAM",,,,,,,,,,0.020075199542646055,0.011216859279401768,0.06379399906003413,0.027945634105798377,,0.001227639424763241,0.005115584073129999
494,E14000923,"SHEFFIELD, HEELEY",,,,,,,,,,0.0237831091388157,0.06078092504174112,0.10752940486316839,0.05529593110029116,,0.0014471125582236693,
495,E14000920,SHEFFIELD SOUTH EAST,,,,,,,,,,,,,0.05998840803709428,0.012786373995442005,0.002339664189375172,0.023001095290251915
496,E14000924,SHERWOOD,,,,,,,,,,0.040931845117011305,,0.03686567480951673,0.040303141724884584,0.0015385222296737545,,0.013280464436813447
497,E14000925,SHIPLEY,,,,,,0.011281075183955803,0.010014223657402068,0.009315058425810244,,0.0370706612195491,0.042720556279878315,0.08085427768220535,,0.010743540026116893,0.0194774791647158,0.01635064069328198
498,E14000926,SHREWSBURY AND ATCHAM,,,,,,,,,,,,,0.023678009237439908,,,0.009684246169474308
499,E14000927,SITTINGBOURNE AND SHEPPEY,,,,,,,,,,,,,0.036683272263164396,,0.055031232364902996,0.03868155815853991
500,E14000928,SKIPTON AND RIPON,,,,,,,,,,,,,0.03466486367955559,,0.026471498847569577,0.019259587221578913
501,E14000929,SLEAFORD AND NORTH HYKEHAM,,,,,,,,,,,,,0.09714429699311272,,0.013678435187014606,0.03990744357964961
502,E14000930,SLOUGH,,,,,,,0.016597268163598862,,0.04673527631237568,0.06779518980977123,0.05028462998102467,0.11249494541043267,0.01036822923212266,,0.007680265217791694,
503,E14000931,SOLIHULL,,,,,,0.015037131567213518,,,,0.057226768071164225,0.02972799403368482,0.05241526962705255,0.035244608100999476,0.0015151791745011774,,
504,E14000932,SOMERTON AND FROME,,,,,,,,,,,,,0.0038936184253943115,,0.015510549051524448,
505,E14000955,"SOUTHAMPTON, ITCHEN",,,,,,,,,,0.051673539135926295,0.0313006066758514,0.037547715442452285,0.0037827614158335585,,,0.009953396174690538
506,E14000956,"SOUTHAMPTON, TEST",,,,,,,,,,0.041227283995347155,0.038773301262778115,0.0656487088050164,0.002851517414624211,,0.03189561435302646,0.00493399119882651
507,N06000014,SOUTH ANTRIM,,,,,,,,,,0.09187709914168429,0.06660174826758458,0.08636088205074163,0.05377988179599518,,,
508,E14000933,SOUTH BASILDON AND EAST THURROCK,,,,,,,,,,,,,0.059081256287023584,,0.008128183361629881,0.07320573106386737
509,E14000934,SOUTH CAMBRIDGESHIRE,,,,,,,,,,0.07015256226365889,0.046192672886369746,0.05903358152256496,0.0333243023570848,,,
510,E14000935,SOUTH DERBYSHIRE,,,,,,,,,,0.051828505678122964,0.03632688420444701,0.054980293801504834,0.048771296535036396,,,
511,E14000936,SOUTH DORSET,,,,,,,,,,0.07752836403562278,0.020134524203330024,0.04707311048904989,0.004631286026634864,,,0.009499001135963022
512,N06000015,SOUTH DOWN,,,,,,,,,,0.004425494079133493,0.01315435726082114,0.012723913900824045,0.03536124351358332,,,0.025441099634259074
513,E14000937,SOUTH EAST CAMBRIDGESHIRE,,,,,,,,,,0.05485239495132642,0.025209112284623983,,0.017464671365577583,,,0.01567135202298672
514,E14000938,SOUTH EAST CORNWALL,,,,,,,,,,0.042937735060593396,0.06158097115143084,0.07335141707978673,0.01291895922768406,,,0.016196067468083122
515,E14000957,SOUTHEND WEST,,,,,,0.013318969738517285,,,0.021482341635300713,0.05312379068667498,0.03668227424749164,0.072834546824002,0.05723982938127781,0.003707115414859916,0.010425716768027803,0.0123342716548123
516,E14000939,SOUTH HOLLAND AND THE DEEPINGS,,,,,,,,,,,,,0.03578544672033156,,0.006797177779986088,0.010227942821122837
517,E14000940,SOUTH LEICESTERSHIRE,,,,,,,,,,,,,0.04985616651703098,,,
518,E14000941,SOUTH NORFOLK,,,,,0.004581255871088951,,,,,0.05502681288951157,0.034418637915929126,0.028758435920914302,0.019747967923190224,,,
519,E14000942,SOUTH NORTHAMPTONSHIRE,,,,,,,,,,,,,0.012272499582568042,,0.004569371365272777,0.009475697973336522
520,E14000958,SOUTHPORT,,,,,,,0.007363364309340053,0.011980112646082154,0.012698412698412698,0.038320158102766795,0.032124024979952856,0.03825149875003034,,0.022493821001791342,,
521,E14000943,SOUTH RIBBLE,,,,,,,,,0.004146115906288533,0.04932012818887943,,0.02536254762055103,0.020482723774728904,,0.006218769376664114,
522,E14000944,SOUTH SHIELDS,,,,,0.015135388283378747,,,0.00949389179755672,,0.05218328287752065,0.031233578560168156,0.02559094219691452,0.10093652445369407,0.039349234799393354,,0.09656301145662848
523,E14000945,SOUTH STAFFORDSHIRE,,,,,,,,,,0.03916735141057245,0.03745851114272167,0.16602301540862102,0.04325931800158604,,,
524,E14000946,SOUTH SUFFOLK,,,,,,,,,,0.05677729677729678,0.034928134590334045,0.05038290184162441,,,,
525,E14000947,SOUTH SWINDON,,,,,,,,,,0.030295922755169853,0.02397197123363452,0.05601306588148693,0.007130881385428383,,,
526,E14000948,SOUTH THANET,,,,,,,,,,0.023317329065528584,0.03839521201054981,0.0764996847873527,,,0.005949389986533475,
527,E14000949,SOUTH WEST BEDFORDSHIRE,,,,,,,,,,0.04481310532687651,0.02743193323300041,0.04671061247653556,0.03354078859258676,,0.00541026332344747,
528,E14000950,SOUTH WEST DEVON,,,,,,,,,,0.043917318732119515,0.031809653760873274,0.0750536974532065,,,,
529,E14000951,SOUTH WEST HERTFORDSHIRE,,,0.008350537700674822,,,0.01385791916489107,,,,0.0383858800599159,0.024392307855042417,0.02210110206037374,0.03785022026431718,,,0.26015263682567696
530,E14000952,SOUTH WEST NORFOLK,0.012648104265402844,,,,,,,,,0.06282740322470916,0.02583618198643978,0.05884593756235602,0.03609359104781282,,,0.016243733727120818
531,E14000953,SOUTH WEST SURREY,,,,,,,,,,0.06179815083779092,0.02435876754315212,0.021561182239691657,0.013482596622365043,,0.20010921366163623,
532,E14000954,SOUTH WEST WILTSHIRE,,,,,,,,,,,,,0.009098698437308744,,0.010776058884769228,
533,E14000959,SPELTHORNE,,,,,0.02282663365187449,0.009502843514951386,0.06124358999356562,,0.01997272368373829,0.03769478205597396,0.028664401588744795,0.05153050503163744,0.021203280906477252,0.009331893477862223,,
534,E14000965,STAFFORD,,,,,,,0.003925780526647161,,0.005718162434580345,0.026925751371397667,0.05912185006536537,0.03308161742108267,0.02195505483787496,0.034880144359915516,,
535,E14000966,STAFFORDSHIRE MOORLANDS,,,,,,,,,0.03794322851954506,0.03135943032650586,0.01781611889915139,0.07936185117393171,,,0.03412831709774941,
536,E14000960,ST ALBANS,,,,,,,,0.014869765362388435,0.0144529672991522,0.03731916149985238,0.013756541212495144,0.029827108354229907,,,,0.002673657528776541
537,E14000967,STALYBRIDGE AND HYDE,,,,,0.006542132982225148,,,,,,,,0.055260647276107536,,,0.010267182779456194
538,E14000961,ST AUSTELL AND NEWQUAY,,,,,,,,,,,,,0.06412210508488929,,,0.04098537005163511
539,E14000968,STEVENAGE,,,,,,,,,,0.029190830187210526,0.022189244576355027,0.03474507559498259,0.040559002038028265,0.007468775497395343,,
540,E14000962,ST HELENS NORTH,,,,,,,,,0.005206160320713988,0.050212264630009544,0.02497274008669982,0.029665656591377862,0.01084029086991651,,,
541,E14000963,ST HELENS SOUTH AND WHISTON,,,,,,,,,,,,,0.04426987261561164,,,
542,S14000057,STIRLING,,,,,,,,,0.008550573514077163,0.004143582103449881,0.04923462287781798,0.055961181936783316,,,0.006827943917659454,
543,E14000964,ST IVES,,,,,,,0.02595616855643933,,0.010099418889589021,0.09192779354742954,0.03909389842893679,0.08507051193049964,0.017051022408048604,0.010721973836727934,,0.008674848773656468
544,E14000969,STOCKPORT,,,,,,,0.012812926718252161,0.012216181643748,0.01016842765979705,0.04186933510467334,,0.026949204662995163,0.03069413207932938,0.004413730485005927,,
545,E14000970,STOCKTON NORTH,,,,,,,,,0.01030618746018064,0.03514412915411252,0.02613825613232845,0.05413418249698034,0.11215757759886577,0.015187890121553664,,0.028890076781028284
546,E14000971,STOCKTON SOUTH,,,,,,,0.003853311027988196,,,0.026863151431422212,0.010292021986473342,0.020724350555394788,0.04754991647442527,0.011641600864914956,,
547,E14000972,STOKE-ON-TRENT CENTRAL,,,,,,,0.011428571428571429,,0.004390385950764957,0.05059013542054914,0.058495428389875384,0.11961156699036084,0.1413920542038805,0.07708145669797967,0.006335797254487857,
548,E14000973,STOKE-ON-TRENT NORTH,,,,,,,,,0.007206032957825156,0.03975068535664408,0.11286734185621783,0.12526007802340702,0.07951039904468106,0.02230040875459202,,0.0080231225394927
549,E14000974,STOKE-ON-TRENT SOUTH,,,,,,,,,0.005489323172111975,0.05491391988926378,0.0849616964583102,0.1362506610259122,0.13560172638763424,0.00951236351548316,,
550,E14000975,STONE,,,,,,,,,,0.014734144778987828,,0.032910961816480996,,0.011290425464055624,,
551,E14000976,STOURBRIDGE,,,,,,,,,,0.02653870143457878,0.03148482116020439,0.026062146350819985,0.039420756234915526,,,0.013591893015824377
552,N06000016,STRANGFORD,,,,,,,0.010992944063810206,,0.0065870269063302445,0.04478723659866888,0.0860960835992047,0.08997623676820048,0.05580679895400707,0.05014149274849664,,0.008216619981325864
553,E14000977,STRATFORD-ON-AVON,,,,,,,,,0.021066878512372378,0.056635372550282614,0.042612084350074665,0.05108173076923077,0.05148193581575719,,0.0088545169244564,
554,E14000978,STREATHAM,,,,,,,0.00817459509014974,,0.02138669385674229,0.019249192380528017,0.0681781679961454,0.07246091345561985,0.012447424045092555,0.008110868563875594,,
555,E14000979,STRETFORD AND URMSTON,,,,,,,,,,,,,0.003963482520596749,,0.00243071466996075,
556,E14000980,STROUD,,,,,0.004322482288583984,,,,0.02874428339999713,0.03936622817741699,0.05089261440869959,0.07287912087912088,0.0020009314680972177,0.005689011657541229,,0.008600030335204005
557,E14000981,SUFFOLK COASTAL,,,,,,,,0.017788404469993725,0.01814447635813336,0.07256114903299203,0.03664173626678834,0.07182677854519855,,,0.013947721872094225,0.025605405776222816
558,E14000982,SUNDERLAND CENTRAL,,,,,,,,,,,,,0.04505098556390269,0.005148220870647958,0.006761100396799007,0.011132578894102494
559,E14000983,SURREY HEATH,,,,,,,,,,0.05551494773773847,0.0327923373686311,0.029880061849638515,,0.011647774246293473,,0.01070685716234187
560,E14000984,SUTTON AND CHEAM,,,,,0.006399381536281058,0.011932309797372075,,,,,,,0.02539787251587367,,,
561,E14000985,SUTTON COLDFIELD,,,,,,0.018678944286262395,,,0.005706234589644241,0.045819736264575105,0.03383043358188346,0.04911697396260633,0.03457273320287019,0.003244582530381091,0.009118771046955996,
562,W07000048,SWANSEA EAST,,,,,,,0.007177033492822967,,,0.0308475978693696,0.030127693535514765,0.06282026334565739,0.05248500428449015,,,
563,W07000047,SWANSEA WEST,,,,,,,0.00618725192621994,0.010306333230782753,,0.021868590773184413,0.05124610591900312,0.06812549114429063,0.04110358778411485,0.008135168961201502,0.0024676787725980364,
564,E14000986,TAMWORTH,,,,,,,,,,0.034280097885826616,0.016968944099378883,0.0578875171467764,0.005065746928217288,,,0.027032308494007295
565,E14000987,TATTON,,,,,,,,0.004765787804657063,0.007135026016741207,0.62540990326283,0.060177334173167306,0.02982083353455353,0.05617828480466936,,0.01873116703314602,
566,E14000988,TAUNTON DEANE,,,,,,,,,,,,,,0.04805914972273567,,0.0375001961307329
567,E14000989,TELFORD,,,,,,,,,,0.03015197240784652,0.05075303643724696,0.04850026311173478,0.03662551440329218,,,
568,E14000990,TEWKESBURY,,,,,,,,,,0.0,0.007412324372165062,0.032737113061844104,0.005911676951872649,,,
569,E14000991,THE COTSWOLDS,,,,,,,,,,,,,0.007805660927925299,,0.001792234766004489,
570,E14000992,THE WREKIN,,,,,,,,,,,,,0.03274016707274626,,0.007673202350423036,
571,E14000993,THIRSK AND MALTON,,,,,,,,,,,,,0.037176865397724294,,0.023154356416170502,0.025394076482646497
572,E14000994,THORNBURY AND YATE,,,,,,,,,,,,,0.0038153693028656743,,,
573,E14000995,THURROCK,,,,,,0.028524147541697513,0.03720774883099533,,0.009396444888370974,0.017643819367957298,0.03401852149242546,0.09212212762061704,0.08476462757251042,0.007142280687595835,,0.021952093033054544
574,E14000996,TIVERTON AND HONITON,,,,,,,,,,,,,,,,0.016238068877593815
575,E14000997,TONBRIDGE AND MALLING,,,,,,,,,,,,,0.01744163386210391,,,
576,E14000998,TOOTING,,,,,0.007855321394026438,0.025476110925492818,0.021960084445121552,0.012799637240554856,0.043395709364234265,0.03826049235440841,0.046394083690245,0.0724355273287144,0.0071266410028625014,,,0.0013168470918201564
577,E14000999,TORBAY,,,,,,0.027370301406361174,0.010223276355606445,,0.0074056003763787485,0.06044409437005364,0.03706195211166936,0.07876878844893559,0.014407640723430197,,,0.012850513623924167
578,W07000053,TORFAEN,,,,,,,,0.009941895146145859,,0.04079084287200833,0.03121275750524942,0.05297534673003697,0.09784803400637619,0.022168331707831404,,
579,E14001000,TORRIDGE AND WEST DEVON,,,,,,,,,,,,,0.01386249705919612,,0.013349024882313383,0.009157877113678218
580,E14001001,TOTNES,,,,,,,,,,0.12230095408134799,0.061121715469276694,0.08132476520019773,0.02677507681374496,,,0.010425050783795178
581,E14001002,TOTTENHAM,,,,,0.08281209034046219,0.0348463687150838,0.015130418639190568,0.03156889658053351,0.023492403453584096,0.042382771058773604,0.09097813360336698,0.11792572006063669,0.04551822449431022,0.037948211852060716,,0.004716578453133003
582,E14001003,TRURO AND FALMOUTH,,,,,,,,,,,,,0.02130495406824147,,,0.006977529988173678
583,E14001004,TUNBRIDGE WELLS,,,,,,0.009491664491105061,0.0044070961718020545,,0.008384032002666889,0.047048848078752536,0.03266087908260989,0.03690975001176969,0.01740858505564388,0.008905654507272303,0.01294987917135531,0.017548032936870996
584,E14001005,TWICKENHAM,0.019148062887021075,,0.008800167622240423,,0.005342616206556339,0.01193811670118163,0.013999759316458743,0.01415667223318658,0.006396267589735872,0.015238029719317557,0.04008971124194,0.04627856134037572,0.012893287118434052,0.0032255983484936455,,
585,E14001006,TYNEMOUTH,,0.06533038899269578,,,,,,,,0.02504251950032256,0.016969227615424912,,0.026657552973342446,,0.002180871645151078,
586,N06000017,UPPER BANN,,,,,,,,,,0.02291418168121037,0.010325842036169838,0.029489892395659807,,0.01717528960799678,,
587,E14001007,UXBRIDGE AND SOUTH RUISLIP,,,,,,,,,,,,,0.0459224420977904,,,0.01201568887874323
588,W07000060,VALE OF CLWYD,,,,,,,,,,0.0287999591127466,0.01208804798120324,0.03413486831925231,0.026847526312827153,,,
589,W07000078,VALE OF GLAMORGAN,,,,,,,,,,0.0,0.009915014164305949,0.03395740005071422,0.004849281854233875,0.004640009358002067,0.005659183141591273,0.009268889010527852
590,E14001008,VAUXHALL,,,,,,,0.025781608609170194,0.026066740248455955,0.02851862309726108,0.049761941330056826,0.0732211308097748,0.06524241694107569,0.019379037299437383,0.015393921695417284,0.01291740852439955,0.0024142154687305842
591,E14001009,WAKEFIELD,,,,,,0.009946700698145785,0.006219298800413215,,,0.02931505763974171,0.0709506956901149,0.08916345865701575,0.06795067950679506,0.013264142601168176,0.03333765448103016,0.029360161680769315
592,E14001010,WALLASEY,,,0.05457779095186928,,0.014721837704366044,0.009181860682561944,,,0.013933745501522562,0.031808381188224495,,0.022906383791006516,0.0025687809093964567,,,
593,E14001011,WALSALL NORTH,,,,,,,,,0.011764029659149694,0.06480070204609487,0.03781876702153999,0.1179849228191935,0.1082156575565811,0.014776455277499118,,
594,E14001012,WALSALL SOUTH,,,,,,,0.012643540191253551,,0.016779864163004393,0.04187767371950515,0.03773747098770738,0.1346453348435509,0.021672129543564404,,,0.0067809380297607835
595,E14001013,WALTHAMSTOW,,,,,0.05519611807521229,0.03184858403301551,0.02611547371904805,0.011239782016348773,0.02596640299633843,0.028435900636624642,0.05175869180051701,0.04462315642782488,0.01570961604137191,0.01445114365011006,,0.005254991207199752
596,E14001014,WANSBECK,,,,,,,,,,0.04653325068626583,0.06713167107619124,0.03380029320736276,0.05013978522718365,,,0.004394085265002839
597,E14001015,WANTAGE,,,,,,,0.003722765831926277,,,0.047351424646291634,0.04077021718333367,0.0534555467832316,,,,0.021958227263930447
598,E14001016,WARLEY,,,,,,,,,,0.02419458514385622,0.0616266114913258,0.0945242621622464,,,,
599,E14001017,WARRINGTON NORTH,,,,,,,0.005267622861877799,,0.00658100393214985,0.03543345495697645,0.020097661269596504,0.041046068583304465,0.03429010879645337,,,
600,E14001018,WARRINGTON SOUTH,,,,,,,0.007429256152640796,,0.005035610077495058,0.022657129370756326,0.014000923137789304,0.02686069619847426,,0.0040099068286354525,0.019630615372207436,0.002714098773808947
601,E14001019,WARWICK AND LEAMINGTON,,,,,,0.01369096245196817,,,,,,,0.004017784304127916,,,0.0040586661747071305
602,E14001020,WASHINGTON AND SUNDERLAND WEST,,,,,,,,,,,,,0.05124015642577811,,,0.02236557993229014
603,E14001021,WATFORD,,,,,0.015492600032324352,0.008669035011283152,,,0.012464931879651251,0.031102903903251503,0.04000258776848098,0.055836741304611893,0.022043906680191277,0.0031701366008299345,,0.005734952208731594
604,E14001022,WAVENEY,,,,,,,,,0.004384882319631786,0.00565323283141633,0.05346958678737253,0.06164783598171309,0.002072700964001486,,0.006189011656604777,0.004791801130473899
605,E14001023,WEALDEN,,,,,,,,,0.019616289472812222,0.07248853618504543,0.06188869512472515,0.07661761270731138,,,,
606,E14001024,WEAVER VALE,,,,,,,,,,0.027162998695679178,0.05202312138728324,0.026230339928970066,0.034621504887474425,0.002005675635308426,,
607,E14001025,WELLINGBOROUGH,,,,,,0.010202670943124948,0.004334930412959161,,,0.02645277052354812,0.01693918362545583,0.04144891991321573,0.051257234664447066,,,
608,E14001026,WELLS,,,,,0.014159871869539896,0.009728908031416265,0.005662138338691279,0.002524355354438191,,0.040581766583895,0.024769068870093933,0.029736618521665252,0.017972218244307604,0.004217629692113032,0.005259438226254458,0.010433569156876744
609,E14001027,WELWYN HATFIELD,,,,,,,,0.0067366652666946665,0.004335758511389578,0.028885364748527414,0.024006912496205134,,0.00322633341501266,0.007130763868140624,0.0034450057094195744,
610,E14001028,WENTWORTH AND DEARNE,,,,,,,,,,,,,0.07573742459506959,,,0.03643188873114036
611,S14000058,WEST ABERDEENSHIRE AND KINCARDINE,,,,,,,,,,,,,0.011350813143046798,,,
612,E14001029,WEST BROMWICH EAST,,,,,0.04284737521841526,0.028665528177604295,,,0.011131855309218203,0.03548099404632776,0.04347293656625031,0.09281369677855372,0.08840579710144927,,0.00831244564939383,0.015149409312022237
613,E14001030,WEST BROMWICH WEST,,,,,0.053899877379111796,0.03423286456353731,,,,1.0,0.07295854271356784,0.12389380530973451,0.09383207541953499,,,
614,E14001031,WEST DORSET,,,,,,,,,,0.034153719749028984,,0.03825270079849695,,,,
615,S14000059,WEST DUNBARTONSHIRE,,,,,,,,,,,,0.05443747144677679,0.011948137983248947,,,0.015684536996012407
616,E14001032,WEST HAM,,,,,,,,,,0.04794866462671935,0.0633348136508045,0.26299812697797587,0.08174479776788567,0.009167882105582179,0.005814719641562891,0.010066445182724253
617,E14001033,WEST LANCASHIRE,,,,,,,,,,0.03409526941840706,0.019548067301203138,0.03911481867686247,0.004476718998205186,,0.004945853021750722,
618,E14001036,WESTMINSTER NORTH,,,,,,,0.016899371921738737,0.010679196924391286,0.029454651501895596,,,,0.016768523662811254,0.005441109480184238,0.0021018593371059015,0.0026799655100090886
619,E14001037,WESTMORLAND AND LONSDALE,,,,,,,,,,,,,,,0.0059782924139532186,
620,E14001038,WESTON-SUPER-MARE,,,,,,,,0.03579406722427139,0.02007093213734752,0.042715027071585136,0.02002999143101971,0.048823709135349835,0.028776841945519386,0.005917947937281169,,
621,E14001034,WEST SUFFOLK,,,,,,,,,,0.0793569944175054,0.031122629284957005,0.04924782264449723,0.04868057144045416,,,
622,N06000018,WEST TYRONE,,,,,,,,,,0.006936790923824959,,0.27375997424517673,0.01362843729040912,,0.009037391344340708,0.02360025251298985
623,E14001035,WEST WORCESTERSHIRE,,,,,,,,,,0.020387483787289235,0.06052625705804897,0.057119187713745564,,,,
624,E14001039,WIGAN,0.023936427948444618,0.021728119935170178,0.01613212982523526,,,0.0079555586036623,,,0.023699505433016858,0.045322805175836964,0.026376112649221517,0.06394772157068673,0.056773901223380156,0.02059920959088601,,
625,E14001040,WIMBLEDON,,,,,,0.012231437993404617,0.017898296323418553,,0.024375515790744953,0.04079099784875062,0.0462185896032499,0.04757626025251129,0.004958328937651651,,,0.006902144190695307
626,E14001041,WINCHESTER,,,,,,0.005791873781140486,0.0027960170286456454,0.009186394380853278,0.046810956334981925,0.05363070873756637,0.012339835694242537,0.03084757857861105,0.008989366455187204,,0.002606900412905032,0.004958397011377144
627,E14001042,WINDSOR,,,,,,,,,,0.04842362300860558,0.02521966278793636,0.05387590689584144,0.023150762281197064,0.009968102073365232,,0.016446511627906977
628,E14001043,WIRRAL SOUTH,,,,,,,,,0.015215318607977117,0.02251793325709533,,0.027100544025790853,,,,
629,E14001044,WIRRAL WEST,,,,,,,,0.01625983457736534,0.017429535997487634,0.03439965877585839,,0.014357432153857347,0.02100477496698161,0.00654594103875006,,
630,E14001045,WITHAM,,,,,,,,,,,,,,0.0016960651289009499,,
631,E14001046,WITNEY,,,,,,,,,0.0150685783597176,0.0649456569918973,0.058329776639635796,0.0563960719523288,0.01152867454863335,0.016415307274033036,,
632,E14001047,WOKING,,,,,0.018594415618501545,0.01014370245139476,0.0065488583987329384,,0.004716686449678265,0.13338178104254234,0.03404800745746912,0.0320121620154197,0.004698215435911037,0.006677699946116542,0.003620171596133657,0.011124089215195506
633,E14001048,WOKINGHAM,0.009884905978452438,,,,,0.010859755730702124,,,0.009589041095890411,0.017502195258242197,0.04052636380222587,0.042824275047751346,0.050707893192488265,0.006392971303058983,,0.0012903850186299338
634,E14001049,WOLVERHAMPTON NORTH EAST,,,0.04654834653957487,,,,0.013064743060053152,,0.02222631169999591,0.07506702412868632,0.031656823521940686,0.041600922442043935,0.07545709864160027,,,
635,E14001050,WOLVERHAMPTON SOUTH EAST,,,,,,,,,0.02077173089611691,0.0664944013781223,0.020295270542550464,0.05252911401366323,0.009738669432679287,,,
636,E14001051,WOLVERHAMPTON SOUTH WEST,,,0.007803680981595092,,,,0.004033471795797965,,0.023481842859583515,0.01457451810061119,0.03640853852360809,0.048273710981549464,0.006125498007968127,0.0012186326444328383,0.008454163321210977,
637,E14001052,WORCESTER,,,,,,0.01966282587267598,0.004218467966008883,,0.01555481617035435,0.017164222476219997,0.03261705496494006,0.06753901871173579,0.033078776493649695,0.004464734629849365,0.002858643019660463,0.011473928248654171
638,E14001053,WORKINGTON,,,,,,,,,0.019976573314875946,0.03299307327743347,0.024867294725264215,0.04300777612804187,0.04865126467816297,0.004939812287133089,0.0066705058066992996,0.0223322676025866
639,E14001054,WORSLEY AND ECCLES SOUTH,,,,,,,,,,,,,0.031989640536198176,,,
640,E14001055,WORTHING WEST,,,,,,,,,,0.06496636989230589,0.04536092017866648,0.06506308270843995,0.006107118864890173,,,0.008948177426438296
641,W07000044,WREXHAM,,,,,,,,,,0.035171050464005274,0.01437699680511182,0.04591081125555373,0.034388646288209604,0.006448852348788166,,
642,E14001056,WYCOMBE,,,,,0.03498676684026296,0.012503940317326889,0.006512906309751434,,0.023016728197700093,0.06175576750320151,0.05238582291990928,0.045827987485087894,0.008639488276463625,0.011217169851668967,,0.026316750675725035
643,E14001057,WYRE AND PRESTON NORTH,,,,,,,,,,,,,,,,0.006329831456428086
644,E14001058,WYRE FOREST,,,,,,,,,,0.07152847152847153,0.5881333822510293,0.48485751378040737,0.3392993968447317,0.14585355987055015,,
645,E14001059,WYTHENSHAWE AND SALE EAST,,,,,,,,,,,,,0.04515226620205639,,0.0040352484404310085,0.0012958287718671105
646,E14001060,YEOVIL,,,,,0.00566401340594889,,,,0.01748059103431004,,0.050922463226128145,0.03812633983130647,0.02032890132960112,,0.015470338697730792,0.0147654404319946
647,W07000041,YNYS MON,,,,,,,,,0.004226562318571329,,,,0.06932992683776565,0.00423753077936208,,
648,E14001061,YORK CENTRAL,,,,,,,,,,,,,0.028505044855108318,0.012144220483671373,,0.013958186041813958
649,E14001062,YORK OUTER,,,,,,,,,,,,,0.01793621013133208,,,
